experiment,feature_set,model,class,precision,recall,f1-score,support
combined_random,mfcc,dummy_most_frequent,neutral,0.0,0.0,0.0,256.0
combined_random,mfcc,dummy_most_frequent,happy,0.1702002355712603,1.0,0.29089079013588326,289.0
combined_random,mfcc,dummy_most_frequent,sad,0.0,0.0,0.0,288.0
combined_random,mfcc,dummy_most_frequent,angry,0.0,0.0,0.0,288.0
combined_random,mfcc,dummy_most_frequent,fear,0.0,0.0,0.0,289.0
combined_random,mfcc,dummy_most_frequent,disgust,0.0,0.0,0.0,288.0
combined_random,mfcc,dummy_most_frequent,accuracy,0.1702002355712603,0.1702002355712603,0.1702002355712603,0.1702002355712603
combined_random,mfcc,dummy_most_frequent,macro avg,0.028366705928543384,0.16666666666666666,0.04848179835598054,1698.0
combined_random,mfcc,dummy_most_frequent,weighted avg,0.0289681201885125,0.1702002355712603,0.04950968100663737,1698.0
combined_random,mfcc,logistic_regression,neutral,0.5620915032679739,0.671875,0.6120996441281139,256.0
combined_random,mfcc,logistic_regression,happy,0.6033755274261603,0.49480968858131485,0.5437262357414449,289.0
combined_random,mfcc,logistic_regression,sad,0.5466666666666666,0.5694444444444444,0.5578231292517006,288.0
combined_random,mfcc,logistic_regression,angry,0.717607973421927,0.75,0.733446519524618,288.0
combined_random,mfcc,logistic_regression,fear,0.5370370370370371,0.5017301038062284,0.518783542039356,289.0
combined_random,mfcc,logistic_regression,disgust,0.5809859154929577,0.5729166666666666,0.5769230769230769,288.0
combined_random,mfcc,logistic_regression,accuracy,0.5918727915194346,0.5918727915194346,0.5918727915194346,0.5918727915194346
combined_random,mfcc,logistic_regression,macro avg,0.5912941038854539,0.593462650583109,0.5904670246013851,1698.0
combined_random,mfcc,logistic_regression,weighted avg,0.5918196089363675,0.5918727915194346,0.5899895993385598,1698.0
combined_random,mfcc,linear_svm,neutral,0.5615141955835962,0.6953125,0.6212914485165794,256.0
combined_random,mfcc,linear_svm,happy,0.6194690265486725,0.4844290657439446,0.5436893203883495,289.0
combined_random,mfcc,linear_svm,sad,0.5301587301587302,0.5798611111111112,0.5538971807628524,288.0
combined_random,mfcc,linear_svm,angry,0.6993670886075949,0.7673611111111112,0.7317880794701986,288.0
combined_random,mfcc,linear_svm,fear,0.5657370517928287,0.4913494809688581,0.5259259259259259,289.0
combined_random,mfcc,linear_svm,disgust,0.5860805860805861,0.5555555555555556,0.5704099821746881,288.0
combined_random,mfcc,linear_svm,accuracy,0.5936395759717314,0.5936395759717314,0.5936395759717314,0.5936395759717314
combined_random,mfcc,linear_svm,macro avg,0.5937211131286682,0.5956448040817635,0.5911669895397657,1698.0
combined_random,mfcc,linear_svm,weighted avg,0.5943267581307449,0.5936395759717314,0.5905328897635447,1698.0
combined_random,mfcc,random_forest,neutral,0.5272727272727272,0.6796875,0.5938566552901023,256.0
combined_random,mfcc,random_forest,happy,0.5843621399176955,0.4913494809688581,0.5338345864661654,289.0
combined_random,mfcc,random_forest,sad,0.5525525525525525,0.6388888888888888,0.5925925925925926,288.0
combined_random,mfcc,random_forest,angry,0.6253521126760564,0.7708333333333334,0.6905132192846034,288.0
combined_random,mfcc,random_forest,fear,0.6580310880829016,0.43944636678200694,0.5269709543568465,289.0
combined_random,mfcc,random_forest,disgust,0.5983606557377049,0.5069444444444444,0.5488721804511278,288.0
combined_random,mfcc,random_forest,accuracy,0.5859835100117785,0.5859835100117785,0.5859835100117785,0.5859835100117785
combined_random,mfcc,random_forest,macro avg,0.5909885460399397,0.5878583357362553,0.581106698073573,1698.0
combined_random,mfcc,random_forest,weighted avg,0.5922248960614188,0.5859835100117785,0.580806694253636,1698.0
combined_random,mfcc,extra_trees,neutral,0.5264705882352941,0.69921875,0.6006711409395973,256.0
combined_random,mfcc,extra_trees,happy,0.6085106382978723,0.49480968858131485,0.5458015267175572,289.0
combined_random,mfcc,extra_trees,sad,0.5446685878962536,0.65625,0.5952755905511811,288.0
combined_random,mfcc,extra_trees,angry,0.5989304812834224,0.7777777777777778,0.676737160120846,288.0
combined_random,mfcc,extra_trees,fear,0.711764705882353,0.4186851211072664,0.5272331154684096,289.0
combined_random,mfcc,extra_trees,disgust,0.6336206896551724,0.5104166666666666,0.5653846153846154,288.0
combined_random,mfcc,extra_trees,accuracy,0.5906949352179034,0.5906949352179034,0.5906949352179034,0.5906949352179034
combined_random,mfcc,extra_trees,macro avg,0.6039942818750613,0.5928596673555043,0.5851838581970344,1698.0
combined_random,mfcc,extra_trees,weighted avg,0.6055213990581607,0.5906949352179034,0.5848346673124819,1698.0
combined_random,mfcc,rbf_svm,neutral,0.5816993464052288,0.6953125,0.6334519572953736,256.0
combined_random,mfcc,rbf_svm,happy,0.6490566037735849,0.5951557093425606,0.6209386281588448,289.0
combined_random,mfcc,rbf_svm,sad,0.6060606060606061,0.625,0.6153846153846154,288.0
combined_random,mfcc,rbf_svm,angry,0.8036363636363636,0.7673611111111112,0.7850799289520426,288.0
combined_random,mfcc,rbf_svm,fear,0.6231343283582089,0.5778546712802768,0.599640933572711,289.0
combined_random,mfcc,rbf_svm,disgust,0.6167247386759582,0.6145833333333334,0.6156521739130435,288.0
combined_random,mfcc,rbf_svm,accuracy,0.6448763250883393,0.6448763250883393,0.6448763250883393,0.6448763250883393
combined_random,mfcc,rbf_svm,macro avg,0.6467186644849917,0.6458778875112137,0.6450247062127717,1698.0
combined_random,mfcc,rbf_svm,weighted avg,0.6479314865001355,0.6448763250883393,0.6452018900258829,1698.0
combined_random,full,dummy_most_frequent,neutral,0.0,0.0,0.0,256.0
combined_random,full,dummy_most_frequent,happy,0.1702002355712603,1.0,0.29089079013588326,289.0
combined_random,full,dummy_most_frequent,sad,0.0,0.0,0.0,288.0
combined_random,full,dummy_most_frequent,angry,0.0,0.0,0.0,288.0
combined_random,full,dummy_most_frequent,fear,0.0,0.0,0.0,289.0
combined_random,full,dummy_most_frequent,disgust,0.0,0.0,0.0,288.0
combined_random,full,dummy_most_frequent,accuracy,0.1702002355712603,0.1702002355712603,0.1702002355712603,0.1702002355712603
combined_random,full,dummy_most_frequent,macro avg,0.028366705928543384,0.16666666666666666,0.04848179835598054,1698.0
combined_random,full,dummy_most_frequent,weighted avg,0.0289681201885125,0.1702002355712603,0.04950968100663737,1698.0
combined_random,full,logistic_regression,neutral,0.5824561403508772,0.6484375,0.6136783733826248,256.0
combined_random,full,logistic_regression,happy,0.6680161943319838,0.5709342560553633,0.6156716417910447,289.0
combined_random,full,logistic_regression,sad,0.6086956521739131,0.5833333333333334,0.5957446808510638,288.0
combined_random,full,logistic_regression,angry,0.7055016181229773,0.7569444444444444,0.7303182579564489,288.0
combined_random,full,logistic_regression,fear,0.5663082437275986,0.5467128027681661,0.5563380281690141,289.0
combined_random,full,logistic_regression,disgust,0.5894039735099338,0.6180555555555556,0.6033898305084746,288.0
combined_random,full,logistic_regression,accuracy,0.6201413427561837,0.6201413427561837,0.6201413427561837,0.6201413427561837
combined_random,full,logistic_regression,macro avg,0.620063637036214,0.6207363153594772,0.6191901354431119,1698.0
combined_random,full,logistic_regression,weighted avg,0.620768959214022,0.6201413427561837,0.619254920946651,1698.0
combined_random,full,linear_svm,neutral,0.5824915824915825,0.67578125,0.6256781193490054,256.0
combined_random,full,linear_svm,happy,0.6846846846846847,0.5259515570934256,0.5949119373776908,289.0
combined_random,full,linear_svm,sad,0.5871886120996441,0.5729166666666666,0.5799648506151143,288.0
combined_random,full,linear_svm,angry,0.6822429906542056,0.7604166666666666,0.7192118226600985,288.0
combined_random,full,linear_svm,fear,0.583969465648855,0.5294117647058824,0.5553539019963702,289.0
combined_random,full,linear_svm,disgust,0.5714285714285714,0.625,0.5970149253731343,288.0
combined_random,full,linear_svm,accuracy,0.6136631330977621,0.6136631330977621,0.6136631330977621,0.6136631330977621
combined_random,full,linear_svm,macro avg,0.6153343178345905,0.6149129841887735,0.6120225928952356,1698.0
combined_random,full,linear_svm,weighted avg,0.61597563293803,0.6136631330977621,0.6117217941950371,1698.0
combined_random,full,random_forest,neutral,0.513595166163142,0.6640625,0.5792163543441227,256.0
combined_random,full,random_forest,happy,0.5855513307984791,0.532871972318339,0.5579710144927537,289.0
combined_random,full,random_forest,sad,0.5789473684210527,0.6493055555555556,0.6121112929623568,288.0
combined_random,full,random_forest,angry,0.656891495601173,0.7777777777777778,0.712241653418124,288.0
combined_random,full,random_forest,fear,0.7016574585635359,0.43944636678200694,0.5404255319148936,289.0
combined_random,full,random_forest,disgust,0.6216216216216216,0.5590277777777778,0.5886654478976234,288.0
combined_random,full,random_forest,accuracy,0.6024734982332155,0.6024734982332155,0.6024734982332155,0.6024734982332155
combined_random,full,random_forest,macro avg,0.6097107401948341,0.6037486583685762,0.5984385491716457,1698.0
combined_random,full,random_forest,weighted avg,0.6115620274021287,0.6024734982332155,0.5987428069352176,1698.0
combined_random,full,extra_trees,neutral,0.5333333333333333,0.6875,0.6006825938566553,256.0
combined_random,full,extra_trees,happy,0.5846153846153846,0.5259515570934256,0.5537340619307832,289.0
combined_random,full,extra_trees,sad,0.5663716814159292,0.6666666666666666,0.6124401913875598,288.0
combined_random,full,extra_trees,angry,0.6253521126760564,0.7708333333333334,0.6905132192846034,288.0
combined_random,full,extra_trees,fear,0.7197452229299363,0.39100346020761245,0.5067264573991032,289.0
combined_random,full,extra_trees,disgust,0.6342412451361867,0.5659722222222222,0.5981651376146789,288.0
combined_random,full,extra_trees,accuracy,0.5995288574793876,0.5995288574793876,0.5995288574793876,0.5995288574793876
combined_random,full,extra_trees,macro avg,0.6106098300178044,0.6013212065872101,0.5937102769122307,1698.0
combined_random,full,extra_trees,weighted avg,0.6121151237995551,0.5995288574793876,0.5935041083747064,1698.0
combined_random,full,rbf_svm,neutral,0.6060606060606061,0.703125,0.650994575045208,256.0
combined_random,full,rbf_svm,happy,0.6566037735849056,0.6020761245674741,0.628158844765343,289.0
combined_random,full,rbf_svm,sad,0.5941558441558441,0.6354166666666666,0.6140939597315436,288.0
combined_random,full,rbf_svm,angry,0.7885304659498208,0.7638888888888888,0.7760141093474426,288.0
combined_random,full,rbf_svm,fear,0.6209386281588448,0.5951557093425606,0.607773851590106,289.0
combined_random,full,rbf_svm,disgust,0.6433823529411765,0.6076388888888888,0.625,288.0
combined_random,full,rbf_svm,accuracy,0.6501766784452296,0.6501766784452296,0.6501766784452296,0.6501766784452296
combined_random,full,rbf_svm,macro avg,0.6516119451418664,0.6512168797257465,0.6503392234132739,1698.0
combined_random,full,rbf_svm,weighted avg,0.6524552674987923,0.6501766784452296,0.6502887422573888,1698.0
combined_strict_no_tess,mfcc,dummy_most_frequent,neutral,0.0,0.0,0.0,293.0
combined_strict_no_tess,mfcc,dummy_most_frequent,happy,0.16999487967229904,1.0,0.29059080962800876,332.0
combined_strict_no_tess,mfcc,dummy_most_frequent,sad,0.0,0.0,0.0,332.0
combined_strict_no_tess,mfcc,dummy_most_frequent,angry,0.0,0.0,0.0,332.0
combined_strict_no_tess,mfcc,dummy_most_frequent,fear,0.0,0.0,0.0,332.0
combined_strict_no_tess,mfcc,dummy_most_frequent,disgust,0.0,0.0,0.0,332.0
combined_strict_no_tess,mfcc,dummy_most_frequent,accuracy,0.16999487967229904,0.16999487967229904,0.16999487967229904,0.16999487967229904
combined_strict_no_tess,mfcc,dummy_most_frequent,macro avg,0.028332479945383172,0.16666666666666666,0.048431801604668125,1953.0
combined_strict_no_tess,mfcc,dummy_most_frequent,weighted avg,0.028898259114799426,0.16999487967229904,0.0493989497165893,1953.0
combined_strict_no_tess,mfcc,logistic_regression,neutral,0.3702127659574468,0.5938566552901023,0.45609436435124506,293.0
combined_strict_no_tess,mfcc,logistic_regression,happy,0.40683229813664595,0.39457831325301207,0.40061162079510704,332.0
combined_strict_no_tess,mfcc,logistic_regression,sad,0.4124293785310734,0.4397590361445783,0.42565597667638483,332.0
combined_strict_no_tess,mfcc,logistic_regression,angry,0.685823754789272,0.5391566265060241,0.6037099494097807,332.0
combined_strict_no_tess,mfcc,logistic_regression,fear,0.37538461538461537,0.3674698795180723,0.3713850837138508,332.0
combined_strict_no_tess,mfcc,logistic_regression,disgust,0.46153846153846156,0.3072289156626506,0.3688969258589512,332.0
combined_strict_no_tess,mfcc,logistic_regression,accuracy,0.43727598566308246,0.43727598566308246,0.43727598566308246,0.43727598566308246
combined_strict_no_tess,mfcc,logistic_regression,macro avg,0.4520368790562525,0.44034157106240657,0.43772565346755327,1953.0
combined_strict_no_tess,mfcc,logistic_regression,weighted avg,0.4536708475205912,0.43727598566308246,0.43735884357279453,1953.0
combined_strict_no_tess,mfcc,linear_svm,neutral,0.3651452282157676,0.6006825938566553,0.4541935483870968,293.0
combined_strict_no_tess,mfcc,linear_svm,happy,0.38943894389438943,0.35542168674698793,0.3716535433070866,332.0
combined_strict_no_tess,mfcc,linear_svm,sad,0.40934065934065933,0.44879518072289154,0.4281609195402299,332.0
combined_strict_no_tess,mfcc,linear_svm,angry,0.6527777777777778,0.5662650602409639,0.6064516129032258,332.0
combined_strict_no_tess,mfcc,linear_svm,fear,0.391156462585034,0.3463855421686747,0.36741214057507987,332.0
combined_strict_no_tess,mfcc,linear_svm,disgust,0.481981981981982,0.32228915662650603,0.3862815884476534,332.0
combined_strict_no_tess,mfcc,linear_svm,accuracy,0.43676395289298514,0.43676395289298514,0.43676395289298514,0.43676395289298514
combined_strict_no_tess,mfcc,linear_svm,macro avg,0.44830684229926837,0.43997320339377993,0.43569222552672876,1953.0
combined_strict_no_tess,mfcc,linear_svm,weighted avg,0.44996751969264087,0.43676395289298514,0.43532276746653703,1953.0
combined_strict_no_tess,mfcc,random_forest,neutral,0.3758241758241758,0.5836177474402731,0.4572192513368984,293.0
combined_strict_no_tess,mfcc,random_forest,happy,0.4368932038834951,0.4066265060240964,0.42121684867394693,332.0
combined_strict_no_tess,mfcc,random_forest,sad,0.47277227722772275,0.5753012048192772,0.5190217391304348,332.0
combined_strict_no_tess,mfcc,random_forest,angry,0.5466321243523317,0.6355421686746988,0.5877437325905293,332.0
combined_strict_no_tess,mfcc,random_forest,fear,0.4228571428571429,0.22289156626506024,0.29191321499013806,332.0
combined_strict_no_tess,mfcc,random_forest,disgust,0.4017857142857143,0.2710843373493976,0.3237410071942446,332.0
combined_strict_no_tess,mfcc,random_forest,accuracy,0.44649257552483357,0.44649257552483357,0.44649257552483357,0.44649257552483357
combined_strict_no_tess,mfcc,random_forest,macro avg,0.44279410640509714,0.4491772550954672,0.43347596565269875,1953.0
combined_strict_no_tess,mfcc,random_forest,weighted avg,0.4441314475687714,0.44649257552483357,0.4330018293794351,1953.0
combined_strict_no_tess,mfcc,extra_trees,neutral,0.39019189765458423,0.6245733788395904,0.48031496062992124,293.0
combined_strict_no_tess,mfcc,extra_trees,happy,0.4555984555984556,0.35542168674698793,0.3993231810490694,332.0
combined_strict_no_tess,mfcc,extra_trees,sad,0.4617169373549884,0.5993975903614458,0.5216251638269986,332.0
combined_strict_no_tess,mfcc,extra_trees,angry,0.5295508274231678,0.6746987951807228,0.5933774834437087,332.0
combined_strict_no_tess,mfcc,extra_trees,fear,0.4375,0.1897590361445783,0.2647058823529412,332.0
combined_strict_no_tess,mfcc,extra_trees,disgust,0.42731277533039647,0.2921686746987952,0.3470483005366726,332.0
combined_strict_no_tess,mfcc,extra_trees,accuracy,0.452636968766001,0.452636968766001,0.452636968766001,0.452636968766001
combined_strict_no_tess,mfcc,extra_trees,macro avg,0.4503118155602654,0.45600319366202013,0.4343991619732186,1953.0
combined_strict_no_tess,mfcc,extra_trees,weighted avg,0.4515123669162929,0.452636968766001,0.4334822566236992,1953.0
combined_strict_no_tess,mfcc,rbf_svm,neutral,0.4481012658227848,0.6040955631399317,0.5145348837209303,293.0
combined_strict_no_tess,mfcc,rbf_svm,happy,0.4527687296416938,0.4186746987951807,0.4350547730829421,332.0
combined_strict_no_tess,mfcc,rbf_svm,sad,0.4576271186440678,0.4879518072289157,0.47230320699708456,332.0
combined_strict_no_tess,mfcc,rbf_svm,angry,0.6450511945392492,0.5692771084337349,0.6048,332.0
combined_strict_no_tess,mfcc,rbf_svm,fear,0.39233038348082594,0.4006024096385542,0.39642324888226527,332.0
combined_strict_no_tess,mfcc,rbf_svm,disgust,0.45660377358490567,0.3644578313253012,0.4053601340033501,332.0
combined_strict_no_tess,mfcc,rbf_svm,accuracy,0.4715821812596006,0.4715821812596006,0.4715821812596006,0.4715821812596006
combined_strict_no_tess,mfcc,rbf_svm,macro avg,0.4754137442855879,0.4741765697602698,0.4714127077810954,1953.0
combined_strict_no_tess,mfcc,rbf_svm,weighted avg,0.47595915476180356,0.4715821812596006,0.47055158906033057,1953.0
combined_strict_no_tess,full,dummy_most_frequent,neutral,0.0,0.0,0.0,293.0
combined_strict_no_tess,full,dummy_most_frequent,happy,0.16999487967229904,1.0,0.29059080962800876,332.0
combined_strict_no_tess,full,dummy_most_frequent,sad,0.0,0.0,0.0,332.0
combined_strict_no_tess,full,dummy_most_frequent,angry,0.0,0.0,0.0,332.0
combined_strict_no_tess,full,dummy_most_frequent,fear,0.0,0.0,0.0,332.0
combined_strict_no_tess,full,dummy_most_frequent,disgust,0.0,0.0,0.0,332.0
combined_strict_no_tess,full,dummy_most_frequent,accuracy,0.16999487967229904,0.16999487967229904,0.16999487967229904,0.16999487967229904
combined_strict_no_tess,full,dummy_most_frequent,macro avg,0.028332479945383172,0.16666666666666666,0.048431801604668125,1953.0
combined_strict_no_tess,full,dummy_most_frequent,weighted avg,0.028898259114799426,0.16999487967229904,0.0493989497165893,1953.0
combined_strict_no_tess,full,logistic_regression,neutral,0.3977777777777778,0.6109215017064846,0.48183041722745623,293.0
combined_strict_no_tess,full,logistic_regression,happy,0.4208860759493671,0.4006024096385542,0.4104938271604938,332.0
combined_strict_no_tess,full,logistic_regression,sad,0.44047619047619047,0.4457831325301205,0.4431137724550898,332.0
combined_strict_no_tess,full,logistic_regression,angry,0.6158940397350994,0.5602409638554217,0.5867507886435331,332.0
combined_strict_no_tess,full,logistic_regression,fear,0.4131147540983607,0.3795180722891566,0.3956043956043956,332.0
combined_strict_no_tess,full,logistic_regression,disgust,0.4959016393442623,0.3644578313253012,0.4201388888888889,332.0
combined_strict_no_tess,full,logistic_regression,accuracy,0.4572452636968766,0.4572452636968766,0.4572452636968766,0.4572452636968766
combined_strict_no_tess,full,logistic_regression,macro avg,0.46400841289684297,0.46025398522417316,0.4563220149966429,1953.0
combined_strict_no_tess,full,logistic_regression,weighted avg,0.46533099086389035,0.4572452636968766,0.455812630620298,1953.0
combined_strict_no_tess,full,linear_svm,neutral,0.3875802997858672,0.6177474402730375,0.4763157894736842,293.0
combined_strict_no_tess,full,linear_svm,happy,0.4421052631578947,0.3795180722891566,0.40842787682333875,332.0
combined_strict_no_tess,full,linear_svm,sad,0.4418604651162791,0.4578313253012048,0.44970414201183434,332.0
combined_strict_no_tess,full,linear_svm,angry,0.6063492063492063,0.5753012048192772,0.5904173106646059,332.0
combined_strict_no_tess,full,linear_svm,fear,0.4305555555555556,0.37349397590361444,0.4,332.0
combined_strict_no_tess,full,linear_svm,disgust,0.4645669291338583,0.35542168674698793,0.40273037542662116,332.0
combined_strict_no_tess,full,linear_svm,accuracy,0.4567332309267793,0.4567332309267793,0.4567332309267793,0.4567332309267793
combined_strict_no_tess,full,linear_svm,macro avg,0.46216961984977684,0.4598856175555464,0.45459924906668076,1953.0
combined_strict_no_tess,full,linear_svm,weighted avg,0.4636591147204848,0.4567332309267793,0.45416558543336116,1953.0
combined_strict_no_tess,full,random_forest,neutral,0.38961038961038963,0.6143344709897611,0.4768211920529801,293.0
combined_strict_no_tess,full,random_forest,happy,0.40978593272171254,0.4036144578313253,0.40667678300455234,332.0
combined_strict_no_tess,full,random_forest,sad,0.5116883116883116,0.5933734939759037,0.5495118549511855,332.0
combined_strict_no_tess,full,random_forest,angry,0.615606936416185,0.641566265060241,0.6283185840707964,332.0
combined_strict_no_tess,full,random_forest,fear,0.4685714285714286,0.2469879518072289,0.3234714003944773,332.0
combined_strict_no_tess,full,random_forest,disgust,0.45348837209302323,0.35240963855421686,0.39661016949152544,332.0
combined_strict_no_tess,full,random_forest,accuracy,0.4726062467997952,0.4726062467997952,0.4726062467997952,0.4726062467997952
combined_strict_no_tess,full,random_forest,macro avg,0.4747918951835084,0.47538104636977946,0.4635683306609195,1953.0
combined_strict_no_tess,full,random_forest,weighted avg,0.4764929083516352,0.4726062467997952,0.4633036805870381,1953.0
combined_strict_no_tess,full,extra_trees,neutral,0.37037037037037035,0.6143344709897611,0.4621309370988447,293.0
combined_strict_no_tess,full,extra_trees,happy,0.43934426229508194,0.4036144578313253,0.4207221350078493,332.0
combined_strict_no_tess,full,extra_trees,sad,0.4765432098765432,0.5813253012048193,0.5237449118046132,332.0
combined_strict_no_tess,full,extra_trees,angry,0.5566750629722922,0.6656626506024096,0.6063100137174211,332.0
combined_strict_no_tess,full,extra_trees,fear,0.4318181818181818,0.1716867469879518,0.24568965517241378,332.0
combined_strict_no_tess,full,extra_trees,disgust,0.4692982456140351,0.32228915662650603,0.3821428571428571,332.0
combined_strict_no_tess,full,extra_trees,accuracy,0.4567332309267793,0.4567332309267793,0.4567332309267793,0.4567332309267793
combined_strict_no_tess,full,extra_trees,macro avg,0.4573415554910841,0.4598187973737955,0.44012341832399987,1953.0
combined_strict_no_tess,full,extra_trees,weighted avg,0.4590783072676882,0.4567332309267793,0.4396839440627511,1953.0
combined_strict_no_tess,full,rbf_svm,neutral,0.4387254901960784,0.6109215017064846,0.5106990014265336,293.0
combined_strict_no_tess,full,rbf_svm,happy,0.4451219512195122,0.4397590361445783,0.44242424242424244,332.0
combined_strict_no_tess,full,rbf_svm,sad,0.47878787878787876,0.4759036144578313,0.4773413897280967,332.0
combined_strict_no_tess,full,rbf_svm,angry,0.6450511945392492,0.5692771084337349,0.6048,332.0
combined_strict_no_tess,full,rbf_svm,fear,0.4064327485380117,0.4186746987951807,0.4124629080118694,332.0
combined_strict_no_tess,full,rbf_svm,disgust,0.49603174603174605,0.37650602409638556,0.4280821917808219,332.0
combined_strict_no_tess,full,rbf_svm,accuracy,0.4792626728110599,0.4792626728110599,0.4792626728110599,0.4792626728110599
combined_strict_no_tess,full,rbf_svm,macro avg,0.48502516821874603,0.48184033060569914,0.47930162222859396,1953.0
combined_strict_no_tess,full,rbf_svm,weighted avg,0.4859497393620559,0.4792626728110599,0.47867463923385795,1953.0
single_CREMA-D,mfcc,dummy_most_frequent,neutral,0.0,0.0,0.0,163.0
single_CREMA-D,mfcc,dummy_most_frequent,happy,0.0,0.0,0.0,191.0
single_CREMA-D,mfcc,dummy_most_frequent,sad,0.0,0.0,0.0,191.0
single_CREMA-D,mfcc,dummy_most_frequent,angry,0.1700984780662489,1.0,0.2907421576128539,190.0
single_CREMA-D,mfcc,dummy_most_frequent,fear,0.0,0.0,0.0,191.0
single_CREMA-D,mfcc,dummy_most_frequent,disgust,0.0,0.0,0.0,191.0
single_CREMA-D,mfcc,dummy_most_frequent,accuracy,0.1700984780662489,0.1700984780662489,0.1700984780662489,0.1700984780662489
single_CREMA-D,mfcc,dummy_most_frequent,macro avg,0.028349746344374815,0.16666666666666666,0.04845702626880898,1117.0
single_CREMA-D,mfcc,dummy_most_frequent,weighted avg,0.028933492240454155,0.1700984780662489,0.049454798519643905,1117.0
single_CREMA-D,mfcc,logistic_regression,neutral,0.42162162162162165,0.4785276073619632,0.4482758620689655,163.0
single_CREMA-D,mfcc,logistic_regression,happy,0.48,0.4397905759162304,0.45901639344262296,191.0
single_CREMA-D,mfcc,logistic_regression,sad,0.5221674876847291,0.5549738219895288,0.5380710659898477,191.0
single_CREMA-D,mfcc,logistic_regression,angry,0.7106598984771574,0.7368421052631579,0.7235142118863049,190.0
single_CREMA-D,mfcc,logistic_regression,fear,0.4186046511627907,0.3769633507853403,0.39669421487603307,191.0
single_CREMA-D,mfcc,logistic_regression,disgust,0.44324324324324327,0.4293193717277487,0.43617021276595747,191.0
single_CREMA-D,mfcc,logistic_regression,accuracy,0.5031333930170099,0.5031333930170099,0.5031333930170099,0.5031333930170099
single_CREMA-D,mfcc,logistic_regression,macro avg,0.4993828170315903,0.5027361388406616,0.5002903268382887,1117.0
single_CREMA-D,mfcc,logistic_regression,weighted avg,0.501142921230367,0.5031333930170099,0.5013943385916396,1117.0
single_CREMA-D,mfcc,linear_svm,neutral,0.42702702702702705,0.48466257668711654,0.4540229885057471,163.0
single_CREMA-D,mfcc,linear_svm,happy,0.49714285714285716,0.45549738219895286,0.47540983606557374,191.0
single_CREMA-D,mfcc,linear_svm,sad,0.5089285714285714,0.5968586387434555,0.5493975903614458,191.0
single_CREMA-D,mfcc,linear_svm,angry,0.6826923076923077,0.7473684210526316,0.7135678391959799,190.0
single_CREMA-D,mfcc,linear_svm,fear,0.4533333333333333,0.35602094240837695,0.39882697947214074,191.0
single_CREMA-D,mfcc,linear_svm,disgust,0.42857142857142855,0.39267015706806285,0.4098360655737705,191.0
single_CREMA-D,mfcc,linear_svm,accuracy,0.5058191584601611,0.5058191584601611,0.5058191584601611,0.5058191584601611
single_CREMA-D,mfcc,linear_svm,macro avg,0.4996159208659208,0.5055130196930994,0.5001768831957762,1117.0
single_CREMA-D,mfcc,linear_svm,weighted avg,0.5012716170527272,0.5058191584601611,0.5011427901745772,1117.0
single_CREMA-D,mfcc,random_forest,neutral,0.42105263157894735,0.49079754601226994,0.45325779036827196,163.0
single_CREMA-D,mfcc,random_forest,happy,0.48223350253807107,0.4973821989528796,0.4896907216494845,191.0
single_CREMA-D,mfcc,random_forest,sad,0.5271966527196653,0.6596858638743456,0.586046511627907,191.0
single_CREMA-D,mfcc,random_forest,angry,0.6283185840707964,0.7473684210526316,0.6826923076923077,190.0
single_CREMA-D,mfcc,random_forest,fear,0.46835443037974683,0.193717277486911,0.2740740740740741,191.0
single_CREMA-D,mfcc,random_forest,disgust,0.41397849462365593,0.4031413612565445,0.40848806366047746,191.0
single_CREMA-D,mfcc,random_forest,accuracy,0.4986571172784244,0.4986571172784244,0.4986571172784244,0.4986571172784244
single_CREMA-D,mfcc,random_forest,macro avg,0.49018904931848045,0.4986821114392637,0.48237491151208717,1117.0
single_CREMA-D,mfcc,random_forest,weighted avg,0.4917984406899707,0.4986571172784244,0.4829254594045192,1117.0
single_CREMA-D,mfcc,extra_trees,neutral,0.43349753694581283,0.5398773006134969,0.4808743169398907,163.0
single_CREMA-D,mfcc,extra_trees,happy,0.4970414201183432,0.4397905759162304,0.4666666666666667,191.0
single_CREMA-D,mfcc,extra_trees,sad,0.49606299212598426,0.6596858638743456,0.5662921348314607,191.0
single_CREMA-D,mfcc,extra_trees,angry,0.5894308943089431,0.7631578947368421,0.6651376146788991,190.0
single_CREMA-D,mfcc,extra_trees,fear,0.53125,0.17801047120418848,0.26666666666666666,191.0
single_CREMA-D,mfcc,extra_trees,disgust,0.40331491712707185,0.38219895287958117,0.3924731182795699,191.0
single_CREMA-D,mfcc,extra_trees,accuracy,0.4923903312444047,0.4923903312444047,0.4923903312444047,0.4923903312444047
single_CREMA-D,mfcc,extra_trees,macro avg,0.49176629343769257,0.49378684320411415,0.47301841967719227,1117.0
single_CREMA-D,mfcc,extra_trees,weighted avg,0.49313949001862484,0.4923903312444047,0.4726494990698894,1117.0
single_CREMA-D,mfcc,rbf_svm,neutral,0.48520710059171596,0.5030674846625767,0.4939759036144578,163.0
single_CREMA-D,mfcc,rbf_svm,happy,0.5224719101123596,0.4869109947643979,0.5040650406504065,191.0
single_CREMA-D,mfcc,rbf_svm,sad,0.5492957746478874,0.612565445026178,0.5792079207920792,191.0
single_CREMA-D,mfcc,rbf_svm,angry,0.6971153846153846,0.7631578947368421,0.7286432160804021,190.0
single_CREMA-D,mfcc,rbf_svm,fear,0.5,0.387434554973822,0.4365781710914454,191.0
single_CREMA-D,mfcc,rbf_svm,disgust,0.4925373134328358,0.518324607329843,0.5051020408163265,191.0
single_CREMA-D,mfcc,rbf_svm,accuracy,0.5461056401074306,0.5461056401074306,0.5461056401074306,0.5461056401074306
single_CREMA-D,mfcc,rbf_svm,macro avg,0.5411045805666972,0.5452434969156099,0.5412620488408528,1117.0
single_CREMA-D,mfcc,rbf_svm,weighted avg,0.5423661012786496,0.5461056401074306,0.542279623504326,1117.0
single_CREMA-D,full,dummy_most_frequent,neutral,0.0,0.0,0.0,163.0
single_CREMA-D,full,dummy_most_frequent,happy,0.0,0.0,0.0,191.0
single_CREMA-D,full,dummy_most_frequent,sad,0.0,0.0,0.0,191.0
single_CREMA-D,full,dummy_most_frequent,angry,0.1700984780662489,1.0,0.2907421576128539,190.0
single_CREMA-D,full,dummy_most_frequent,fear,0.0,0.0,0.0,191.0
single_CREMA-D,full,dummy_most_frequent,disgust,0.0,0.0,0.0,191.0
single_CREMA-D,full,dummy_most_frequent,accuracy,0.1700984780662489,0.1700984780662489,0.1700984780662489,0.1700984780662489
single_CREMA-D,full,dummy_most_frequent,macro avg,0.028349746344374815,0.16666666666666666,0.04845702626880898,1117.0
single_CREMA-D,full,dummy_most_frequent,weighted avg,0.028933492240454155,0.1700984780662489,0.049454798519643905,1117.0
single_CREMA-D,full,logistic_regression,neutral,0.4576271186440678,0.49693251533742333,0.4764705882352941,163.0
single_CREMA-D,full,logistic_regression,happy,0.4808743169398907,0.4607329842931937,0.47058823529411764,191.0
single_CREMA-D,full,logistic_regression,sad,0.5631067961165048,0.6073298429319371,0.5843828715365239,191.0
single_CREMA-D,full,logistic_regression,angry,0.6748768472906403,0.7210526315789474,0.6972010178117048,190.0
single_CREMA-D,full,logistic_regression,fear,0.44919786096256686,0.4397905759162304,0.4444444444444444,191.0
single_CREMA-D,full,logistic_regression,disgust,0.453416149068323,0.38219895287958117,0.4147727272727273,191.0
single_CREMA-D,full,logistic_regression,accuracy,0.5183527305282005,0.5183527305282005,0.5183527305282005,0.5183527305282005
single_CREMA-D,full,logistic_regression,macro avg,0.5131831815036656,0.5180062504895523,0.5146433140991354,1117.0
single_CREMA-D,full,logistic_regression,weighted avg,0.5144310562523512,0.5183527305282005,0.5154367595964272,1117.0
single_CREMA-D,full,linear_svm,neutral,0.4853801169590643,0.50920245398773,0.49700598802395207,163.0
single_CREMA-D,full,linear_svm,happy,0.4860335195530726,0.45549738219895286,0.4702702702702703,191.0
single_CREMA-D,full,linear_svm,sad,0.547945205479452,0.6282722513089005,0.5853658536585366,191.0
single_CREMA-D,full,linear_svm,angry,0.6796116504854369,0.7368421052631579,0.7070707070707071,190.0
single_CREMA-D,full,linear_svm,fear,0.4222222222222222,0.39790575916230364,0.40970350404312667,191.0
single_CREMA-D,full,linear_svm,disgust,0.4691358024691358,0.39790575916230364,0.43059490084985835,191.0
single_CREMA-D,full,linear_svm,accuracy,0.5210384959713519,0.5210384959713519,0.5210384959713519,0.5210384959713519
single_CREMA-D,full,linear_svm,macro avg,0.5150547528613972,0.5209376185138913,0.5166685373194085,1117.0
single_CREMA-D,full,linear_svm,weighted avg,0.5156512908270564,0.5210384959713519,0.5169909627540741,1117.0
single_CREMA-D,full,random_forest,neutral,0.42346938775510207,0.50920245398773,0.4623955431754875,163.0
single_CREMA-D,full,random_forest,happy,0.4925373134328358,0.518324607329843,0.5051020408163265,191.0
single_CREMA-D,full,random_forest,sad,0.49795918367346936,0.6387434554973822,0.5596330275229358,191.0
single_CREMA-D,full,random_forest,angry,0.6411483253588517,0.7052631578947368,0.6716791979949874,190.0
single_CREMA-D,full,random_forest,fear,0.5466666666666666,0.21465968586387435,0.3082706766917293,191.0
single_CREMA-D,full,random_forest,disgust,0.42408376963350786,0.42408376963350786,0.42408376963350786,191.0
single_CREMA-D,full,random_forest,accuracy,0.5013428827215757,0.5013428827215757,0.5013428827215757,0.5013428827215757
single_CREMA-D,full,random_forest,macro avg,0.5043107744200722,0.5017128550345124,0.48852737597249574,1117.0
single_CREMA-D,full,random_forest,weighted avg,0.5062147325898846,0.5013428827215757,0.48901845878027883,1117.0
single_CREMA-D,full,extra_trees,neutral,0.43457943925233644,0.5705521472392638,0.493368700265252,163.0
single_CREMA-D,full,extra_trees,happy,0.4739583333333333,0.47643979057591623,0.4751958224543081,191.0
single_CREMA-D,full,extra_trees,sad,0.4979253112033195,0.6282722513089005,0.5555555555555556,191.0
single_CREMA-D,full,extra_trees,angry,0.6233183856502242,0.7315789473684211,0.6731234866828087,190.0
single_CREMA-D,full,extra_trees,fear,0.5166666666666667,0.16230366492146597,0.24701195219123506,191.0
single_CREMA-D,full,extra_trees,disgust,0.41711229946524064,0.4083769633507853,0.4126984126984127,191.0
single_CREMA-D,full,extra_trees,accuracy,0.4941808415398389,0.4941808415398389,0.4941808415398389,0.4941808415398389
single_CREMA-D,full,extra_trees,macro avg,0.49392673926185343,0.4962539607941255,0.47615898830792863,1117.0
single_CREMA-D,full,extra_trees,weighted avg,0.4952985680477783,0.4941808415398389,0.47555125649666646,1117.0
single_CREMA-D,full,rbf_svm,neutral,0.5533333333333333,0.50920245398773,0.5303514376996805,163.0
single_CREMA-D,full,rbf_svm,happy,0.5469613259668509,0.518324607329843,0.532258064516129,191.0
single_CREMA-D,full,rbf_svm,sad,0.5347826086956522,0.643979057591623,0.5843230403800475,191.0
single_CREMA-D,full,rbf_svm,angry,0.6746411483253588,0.7421052631578947,0.706766917293233,190.0
single_CREMA-D,full,rbf_svm,fear,0.5180722891566265,0.450261780104712,0.48179271708683474,191.0
single_CREMA-D,full,rbf_svm,disgust,0.5193370165745856,0.49214659685863876,0.5053763440860215,191.0
single_CREMA-D,full,rbf_svm,accuracy,0.5604297224709042,0.5604297224709042,0.5604297224709042,0.5604297224709042
single_CREMA-D,full,rbf_svm,macro avg,0.5578546203420678,0.5593366265050735,0.556811420176991,1117.0
single_CREMA-D,full,rbf_svm,weighted avg,0.5578634023548353,0.5604297224709042,0.557340447940866,1117.0
single_RAVDESS,mfcc,dummy_most_frequent,neutral,0.0,0.0,0.0,14.0
single_RAVDESS,mfcc,dummy_most_frequent,happy,0.0,0.0,0.0,29.0
single_RAVDESS,mfcc,dummy_most_frequent,sad,0.18238993710691823,1.0,0.30851063829787234,29.0
single_RAVDESS,mfcc,dummy_most_frequent,angry,0.0,0.0,0.0,29.0
single_RAVDESS,mfcc,dummy_most_frequent,fear,0.0,0.0,0.0,29.0
single_RAVDESS,mfcc,dummy_most_frequent,disgust,0.0,0.0,0.0,29.0
single_RAVDESS,mfcc,dummy_most_frequent,accuracy,0.18238993710691823,0.18238993710691823,0.18238993710691823,0.18238993710691823
single_RAVDESS,mfcc,dummy_most_frequent,macro avg,0.03039832285115304,0.16666666666666666,0.051418439716312055,159.0
single_RAVDESS,mfcc,dummy_most_frequent,weighted avg,0.03326608915786559,0.18238993710691823,0.056269235915964146,159.0
single_RAVDESS,mfcc,logistic_regression,neutral,0.8571428571428571,0.42857142857142855,0.5714285714285714,14.0
single_RAVDESS,mfcc,logistic_regression,happy,0.5666666666666667,0.5862068965517241,0.576271186440678,29.0
single_RAVDESS,mfcc,logistic_regression,sad,0.42857142857142855,0.41379310344827586,0.42105263157894735,29.0
single_RAVDESS,mfcc,logistic_regression,angry,0.6923076923076923,0.6206896551724138,0.6545454545454545,29.0
single_RAVDESS,mfcc,logistic_regression,fear,0.5357142857142857,0.5172413793103449,0.5263157894736842,29.0
single_RAVDESS,mfcc,logistic_regression,disgust,0.575,0.7931034482758621,0.6666666666666666,29.0
single_RAVDESS,mfcc,logistic_regression,accuracy,0.5723270440251572,0.5723270440251572,0.5723270440251572,0.5723270440251572
single_RAVDESS,mfcc,logistic_regression,macro avg,0.6092338217338217,0.5599343185550082,0.5693800500223337,159.0
single_RAVDESS,mfcc,logistic_regression,weighted avg,0.5858461768839127,0.5723270440251572,0.5691867932858962,159.0
single_RAVDESS,mfcc,linear_svm,neutral,0.5833333333333334,0.5,0.5384615384615384,14.0
single_RAVDESS,mfcc,linear_svm,happy,0.5714285714285714,0.5517241379310345,0.5614035087719298,29.0
single_RAVDESS,mfcc,linear_svm,sad,0.4827586206896552,0.4827586206896552,0.4827586206896552,29.0
single_RAVDESS,mfcc,linear_svm,angry,0.72,0.6206896551724138,0.6666666666666666,29.0
single_RAVDESS,mfcc,linear_svm,fear,0.5172413793103449,0.5172413793103449,0.5172413793103449,29.0
single_RAVDESS,mfcc,linear_svm,disgust,0.5,0.6206896551724138,0.5538461538461539,29.0
single_RAVDESS,mfcc,linear_svm,accuracy,0.5534591194968553,0.5534591194968553,0.5534591194968553,0.5534591194968553
single_RAVDESS,mfcc,linear_svm,macro avg,0.5624603174603174,0.5488505747126436,0.5533963112910482,159.0
single_RAVDESS,mfcc,linear_svm,weighted avg,0.5604911650194669,0.5534591194968553,0.5548052521240208,159.0
single_RAVDESS,mfcc,random_forest,neutral,1.0,0.2857142857142857,0.4444444444444444,14.0
single_RAVDESS,mfcc,random_forest,happy,0.5357142857142857,0.5172413793103449,0.5263157894736842,29.0
single_RAVDESS,mfcc,random_forest,sad,0.43902439024390244,0.6206896551724138,0.5142857142857142,29.0
single_RAVDESS,mfcc,random_forest,angry,0.6551724137931034,0.6551724137931034,0.6551724137931034,29.0
single_RAVDESS,mfcc,random_forest,fear,0.5217391304347826,0.41379310344827586,0.46153846153846156,29.0
single_RAVDESS,mfcc,random_forest,disgust,0.5588235294117647,0.6551724137931034,0.6031746031746031,29.0
single_RAVDESS,mfcc,random_forest,accuracy,0.5471698113207547,0.5471698113207547,0.5471698113207547,0.5471698113207547
single_RAVDESS,mfcc,random_forest,macro avg,0.6184122915996398,0.5246305418719212,0.5341552377850018,159.0
single_RAVDESS,mfcc,random_forest,weighted avg,0.5824134511845115,0.5471698113207547,0.5426185201756205,159.0
single_RAVDESS,mfcc,extra_trees,neutral,0.75,0.21428571428571427,0.3333333333333333,14.0
single_RAVDESS,mfcc,extra_trees,happy,0.48,0.41379310344827586,0.4444444444444444,29.0
single_RAVDESS,mfcc,extra_trees,sad,0.4418604651162791,0.6551724137931034,0.5277777777777778,29.0
single_RAVDESS,mfcc,extra_trees,angry,0.7241379310344828,0.7241379310344828,0.7241379310344828,29.0
single_RAVDESS,mfcc,extra_trees,fear,0.5652173913043478,0.4482758620689655,0.5,29.0
single_RAVDESS,mfcc,extra_trees,disgust,0.6571428571428571,0.7931034482758621,0.71875,29.0
single_RAVDESS,mfcc,extra_trees,accuracy,0.5723270440251572,0.5723270440251572,0.5723270440251572,0.5723270440251572
single_RAVDESS,mfcc,extra_trees,macro avg,0.603059774099661,0.5414614121510674,0.5414072477650064,159.0
single_RAVDESS,mfcc,extra_trees,weighted avg,0.589197488637365,0.5723270440251572,0.5610368623340322,159.0
single_RAVDESS,mfcc,rbf_svm,neutral,0.7777777777777778,0.5,0.6086956521739131,14.0
single_RAVDESS,mfcc,rbf_svm,happy,0.5666666666666667,0.5862068965517241,0.576271186440678,29.0
single_RAVDESS,mfcc,rbf_svm,sad,0.6206896551724138,0.6206896551724138,0.6206896551724138,29.0
single_RAVDESS,mfcc,rbf_svm,angry,0.8,0.6896551724137931,0.7407407407407407,29.0
single_RAVDESS,mfcc,rbf_svm,fear,0.5862068965517241,0.5862068965517241,0.5862068965517241,29.0
single_RAVDESS,mfcc,rbf_svm,disgust,0.5675675675675675,0.7241379310344828,0.6363636363636364,29.0
single_RAVDESS,mfcc,rbf_svm,accuracy,0.6289308176100629,0.6289308176100629,0.6289308176100629,0.6289308176100629
single_RAVDESS,mfcc,rbf_svm,macro avg,0.6531514272893584,0.617816091954023,0.628161294573851,159.0
single_RAVDESS,mfcc,rbf_svm,weighted avg,0.6413942244130924,0.6289308176100629,0.6299976759323358,159.0
single_RAVDESS,full,dummy_most_frequent,neutral,0.0,0.0,0.0,14.0
single_RAVDESS,full,dummy_most_frequent,happy,0.0,0.0,0.0,29.0
single_RAVDESS,full,dummy_most_frequent,sad,0.18238993710691823,1.0,0.30851063829787234,29.0
single_RAVDESS,full,dummy_most_frequent,angry,0.0,0.0,0.0,29.0
single_RAVDESS,full,dummy_most_frequent,fear,0.0,0.0,0.0,29.0
single_RAVDESS,full,dummy_most_frequent,disgust,0.0,0.0,0.0,29.0
single_RAVDESS,full,dummy_most_frequent,accuracy,0.18238993710691823,0.18238993710691823,0.18238993710691823,0.18238993710691823
single_RAVDESS,full,dummy_most_frequent,macro avg,0.03039832285115304,0.16666666666666666,0.051418439716312055,159.0
single_RAVDESS,full,dummy_most_frequent,weighted avg,0.03326608915786559,0.18238993710691823,0.056269235915964146,159.0
single_RAVDESS,full,logistic_regression,neutral,0.6363636363636364,0.5,0.56,14.0
single_RAVDESS,full,logistic_regression,happy,0.6153846153846154,0.5517241379310345,0.5818181818181818,29.0
single_RAVDESS,full,logistic_regression,sad,0.5,0.5862068965517241,0.5396825396825397,29.0
single_RAVDESS,full,logistic_regression,angry,0.64,0.5517241379310345,0.5925925925925926,29.0
single_RAVDESS,full,logistic_regression,fear,0.5357142857142857,0.5172413793103449,0.5263157894736842,29.0
single_RAVDESS,full,logistic_regression,disgust,0.6285714285714286,0.7586206896551724,0.6875,29.0
single_RAVDESS,full,logistic_regression,accuracy,0.5849056603773585,0.5849056603773585,0.5849056603773585,0.5849056603773585
single_RAVDESS,full,logistic_regression,macro avg,0.5926723276723277,0.5775862068965516,0.5813181839278331,159.0
single_RAVDESS,full,logistic_regression,weighted avg,0.5885505060976758,0.5849056603773585,0.583329333354987,159.0
single_RAVDESS,full,linear_svm,neutral,0.5,0.35714285714285715,0.4166666666666667,14.0
single_RAVDESS,full,linear_svm,happy,0.5185185185185185,0.4827586206896552,0.5,29.0
single_RAVDESS,full,linear_svm,sad,0.4,0.41379310344827586,0.4067796610169492,29.0
single_RAVDESS,full,linear_svm,angry,0.64,0.5517241379310345,0.5925925925925926,29.0
single_RAVDESS,full,linear_svm,fear,0.46875,0.5172413793103449,0.4918032786885246,29.0
single_RAVDESS,full,linear_svm,disgust,0.5142857142857142,0.6206896551724138,0.5625,29.0
single_RAVDESS,full,linear_svm,accuracy,0.5031446540880503,0.5031446540880503,0.5031446540880503,0.5031446540880503
single_RAVDESS,full,linear_svm,macro avg,0.5069257054673721,0.49055829228243025,0.49505703316078886,159.0
single_RAVDESS,full,linear_svm,weighted avg,0.5075790739076902,0.5031446540880503,0.502452350754574,159.0
single_RAVDESS,full,random_forest,neutral,0.6363636363636364,0.5,0.56,14.0
single_RAVDESS,full,random_forest,happy,0.5,0.5172413793103449,0.5084745762711864,29.0
single_RAVDESS,full,random_forest,sad,0.5142857142857142,0.6206896551724138,0.5625,29.0
single_RAVDESS,full,random_forest,angry,0.68,0.5862068965517241,0.6296296296296297,29.0
single_RAVDESS,full,random_forest,fear,0.48,0.41379310344827586,0.4444444444444444,29.0
single_RAVDESS,full,random_forest,disgust,0.6666666666666666,0.7586206896551724,0.7096774193548387,29.0
single_RAVDESS,full,random_forest,accuracy,0.5723270440251572,0.5723270440251572,0.5723270440251572,0.5723270440251572
single_RAVDESS,full,random_forest,macro avg,0.5795526695526695,0.5660919540229884,0.5691210116166833,159.0
single_RAVDESS,full,random_forest,weighted avg,0.5741931443818236,0.5723270440251572,0.56998148441071,159.0
single_RAVDESS,full,extra_trees,neutral,0.7777777777777778,0.5,0.6086956521739131,14.0
single_RAVDESS,full,extra_trees,happy,0.56,0.4827586206896552,0.5185185185185185,29.0
single_RAVDESS,full,extra_trees,sad,0.5294117647058824,0.6206896551724138,0.5714285714285714,29.0
single_RAVDESS,full,extra_trees,angry,0.7,0.7241379310344828,0.711864406779661,29.0
single_RAVDESS,full,extra_trees,fear,0.5833333333333334,0.4827586206896552,0.5283018867924528,29.0
single_RAVDESS,full,extra_trees,disgust,0.5945945945945946,0.7586206896551724,0.6666666666666666,29.0
single_RAVDESS,full,extra_trees,accuracy,0.6037735849056604,0.6037735849056604,0.6037735849056604,0.6037735849056604
single_RAVDESS,full,extra_trees,macro avg,0.624186245068598,0.5948275862068965,0.6009126170599639,159.0
single_RAVDESS,full,extra_trees,weighted avg,0.609696477831883,0.6037735849056604,0.6001783684643083,159.0
single_RAVDESS,full,rbf_svm,neutral,0.6153846153846154,0.5714285714285714,0.5925925925925926,14.0
single_RAVDESS,full,rbf_svm,happy,0.72,0.6206896551724138,0.6666666666666666,29.0
single_RAVDESS,full,rbf_svm,sad,0.6923076923076923,0.6206896551724138,0.6545454545454545,29.0
single_RAVDESS,full,rbf_svm,angry,0.88,0.7586206896551724,0.8148148148148148,29.0
single_RAVDESS,full,rbf_svm,fear,0.59375,0.6551724137931034,0.6229508196721312,29.0
single_RAVDESS,full,rbf_svm,disgust,0.631578947368421,0.8275862068965517,0.7164179104477612,29.0
single_RAVDESS,full,rbf_svm,accuracy,0.6855345911949685,0.6855345911949685,0.6855345911949685,0.6855345911949685
single_RAVDESS,full,rbf_svm,macro avg,0.6888368758434548,0.6756978653530377,0.6779980431232367,159.0
single_RAVDESS,full,rbf_svm,weighted avg,0.6957663343773075,0.6855345911949685,0.6860551610978258,159.0
single_SAVEE,mfcc,dummy_most_frequent,neutral,0.2857142857142857,1.0,0.4444444444444444,18.0
single_SAVEE,mfcc,dummy_most_frequent,happy,0.0,0.0,0.0,9.0
single_SAVEE,mfcc,dummy_most_frequent,sad,0.0,0.0,0.0,9.0
single_SAVEE,mfcc,dummy_most_frequent,angry,0.0,0.0,0.0,9.0
single_SAVEE,mfcc,dummy_most_frequent,fear,0.0,0.0,0.0,9.0
single_SAVEE,mfcc,dummy_most_frequent,disgust,0.0,0.0,0.0,9.0
single_SAVEE,mfcc,dummy_most_frequent,accuracy,0.2857142857142857,0.2857142857142857,0.2857142857142857,0.2857142857142857
single_SAVEE,mfcc,dummy_most_frequent,macro avg,0.047619047619047616,0.16666666666666666,0.07407407407407407,63.0
single_SAVEE,mfcc,dummy_most_frequent,weighted avg,0.08163265306122448,0.2857142857142857,0.12698412698412698,63.0
single_SAVEE,mfcc,logistic_regression,neutral,0.9375,0.8333333333333334,0.8823529411764706,18.0
single_SAVEE,mfcc,logistic_regression,happy,0.42857142857142855,0.3333333333333333,0.375,9.0
single_SAVEE,mfcc,logistic_regression,sad,0.5714285714285714,0.8888888888888888,0.6956521739130435,9.0
single_SAVEE,mfcc,logistic_regression,angry,0.3333333333333333,0.4444444444444444,0.38095238095238093,9.0
single_SAVEE,mfcc,logistic_regression,fear,1.0,0.7777777777777778,0.875,9.0
single_SAVEE,mfcc,logistic_regression,disgust,0.5714285714285714,0.4444444444444444,0.5,9.0
single_SAVEE,mfcc,logistic_regression,accuracy,0.6507936507936508,0.6507936507936508,0.6507936507936508,0.6507936507936508
single_SAVEE,mfcc,logistic_regression,macro avg,0.6403769841269842,0.6203703703703703,0.6181595826736491,63.0
single_SAVEE,mfcc,logistic_regression,weighted avg,0.6828231292517006,0.6507936507936508,0.655901491031195,63.0
single_SAVEE,mfcc,linear_svm,neutral,0.8421052631578947,0.8888888888888888,0.8648648648648649,18.0
single_SAVEE,mfcc,linear_svm,happy,0.5,0.5555555555555556,0.5263157894736842,9.0
single_SAVEE,mfcc,linear_svm,sad,0.6153846153846154,0.8888888888888888,0.7272727272727273,9.0
single_SAVEE,mfcc,linear_svm,angry,0.7,0.7777777777777778,0.7368421052631579,9.0
single_SAVEE,mfcc,linear_svm,fear,1.0,0.6666666666666666,0.8,9.0
single_SAVEE,mfcc,linear_svm,disgust,0.6,0.3333333333333333,0.42857142857142855,9.0
single_SAVEE,mfcc,linear_svm,accuracy,0.7142857142857143,0.7142857142857143,0.7142857142857143,0.7142857142857143
single_SAVEE,mfcc,linear_svm,macro avg,0.7095816464237515,0.6851851851851851,0.6806444859076439,63.0
single_SAVEE,mfcc,linear_svm,weighted avg,0.7285135916714863,0.7142857142857143,0.7069616829015326,63.0
single_SAVEE,mfcc,random_forest,neutral,0.5454545454545454,1.0,0.7058823529411765,18.0
single_SAVEE,mfcc,random_forest,happy,0.5,0.5555555555555556,0.5263157894736842,9.0
single_SAVEE,mfcc,random_forest,sad,0.6666666666666666,0.2222222222222222,0.3333333333333333,9.0
single_SAVEE,mfcc,random_forest,angry,0.5714285714285714,0.4444444444444444,0.5,9.0
single_SAVEE,mfcc,random_forest,fear,0.875,0.7777777777777778,0.8235294117647058,9.0
single_SAVEE,mfcc,random_forest,disgust,0.5,0.1111111111111111,0.18181818181818182,9.0
single_SAVEE,mfcc,random_forest,accuracy,0.5873015873015873,0.5873015873015873,0.5873015873015873,0.5873015873015873
single_SAVEE,mfcc,random_forest,macro avg,0.6097582972582972,0.5185185185185185,0.5118131782218468,63.0
single_SAVEE,mfcc,random_forest,weighted avg,0.6005720470006184,0.5873015873015873,0.5395373460388939,63.0
single_SAVEE,mfcc,extra_trees,neutral,0.5625,1.0,0.72,18.0
single_SAVEE,mfcc,extra_trees,happy,0.5555555555555556,0.5555555555555556,0.5555555555555556,9.0
single_SAVEE,mfcc,extra_trees,sad,0.6666666666666666,0.2222222222222222,0.3333333333333333,9.0
single_SAVEE,mfcc,extra_trees,angry,0.5,0.5555555555555556,0.5263157894736842,9.0
single_SAVEE,mfcc,extra_trees,fear,1.0,0.7777777777777778,0.875,9.0
single_SAVEE,mfcc,extra_trees,disgust,1.0,0.2222222222222222,0.36363636363636365,9.0
single_SAVEE,mfcc,extra_trees,accuracy,0.6190476190476191,0.6190476190476191,0.6190476190476191,0.6190476190476191
single_SAVEE,mfcc,extra_trees,macro avg,0.7141203703703703,0.5555555555555555,0.5623068403331561,63.0
single_SAVEE,mfcc,extra_trees,weighted avg,0.6924603174603174,0.6190476190476191,0.5848344345712767,63.0
single_SAVEE,mfcc,rbf_svm,neutral,0.6538461538461539,0.9444444444444444,0.7727272727272727,18.0
single_SAVEE,mfcc,rbf_svm,happy,0.5555555555555556,0.5555555555555556,0.5555555555555556,9.0
single_SAVEE,mfcc,rbf_svm,sad,0.5714285714285714,0.4444444444444444,0.5,9.0
single_SAVEE,mfcc,rbf_svm,angry,0.6666666666666666,0.6666666666666666,0.6666666666666666,9.0
single_SAVEE,mfcc,rbf_svm,fear,0.875,0.7777777777777778,0.8235294117647058,9.0
single_SAVEE,mfcc,rbf_svm,disgust,0.75,0.3333333333333333,0.46153846153846156,9.0
single_SAVEE,mfcc,rbf_svm,accuracy,0.6666666666666666,0.6666666666666666,0.6666666666666666,0.6666666666666666
single_SAVEE,mfcc,rbf_svm,macro avg,0.6787494912494912,0.6203703703703703,0.630002894708777,63.0
single_SAVEE,mfcc,rbf_svm,weighted avg,0.675191871620443,0.6666666666666666,0.6503920915685621,63.0
single_SAVEE,full,dummy_most_frequent,neutral,0.2857142857142857,1.0,0.4444444444444444,18.0
single_SAVEE,full,dummy_most_frequent,happy,0.0,0.0,0.0,9.0
single_SAVEE,full,dummy_most_frequent,sad,0.0,0.0,0.0,9.0
single_SAVEE,full,dummy_most_frequent,angry,0.0,0.0,0.0,9.0
single_SAVEE,full,dummy_most_frequent,fear,0.0,0.0,0.0,9.0
single_SAVEE,full,dummy_most_frequent,disgust,0.0,0.0,0.0,9.0
single_SAVEE,full,dummy_most_frequent,accuracy,0.2857142857142857,0.2857142857142857,0.2857142857142857,0.2857142857142857
single_SAVEE,full,dummy_most_frequent,macro avg,0.047619047619047616,0.16666666666666666,0.07407407407407407,63.0
single_SAVEE,full,dummy_most_frequent,weighted avg,0.08163265306122448,0.2857142857142857,0.12698412698412698,63.0
single_SAVEE,full,logistic_regression,neutral,0.8947368421052632,0.9444444444444444,0.918918918918919,18.0
single_SAVEE,full,logistic_regression,happy,0.375,0.3333333333333333,0.35294117647058826,9.0
single_SAVEE,full,logistic_regression,sad,0.7272727272727273,0.8888888888888888,0.8,9.0
single_SAVEE,full,logistic_regression,angry,0.45454545454545453,0.5555555555555556,0.5,9.0
single_SAVEE,full,logistic_regression,fear,1.0,0.7777777777777778,0.875,9.0
single_SAVEE,full,logistic_regression,disgust,0.7142857142857143,0.5555555555555556,0.625,9.0
single_SAVEE,full,logistic_regression,accuracy,0.7142857142857143,0.7142857142857143,0.7142857142857143,0.7142857142857143
single_SAVEE,full,logistic_regression,macro avg,0.6943067897015265,0.6759259259259259,0.6786433492315845,63.0
single_SAVEE,full,logistic_regression,weighted avg,0.7229396543306318,0.7142857142857143,0.7129684306154894,63.0
single_SAVEE,full,linear_svm,neutral,0.8421052631578947,0.8888888888888888,0.8648648648648649,18.0
single_SAVEE,full,linear_svm,happy,0.5833333333333334,0.7777777777777778,0.6666666666666666,9.0
single_SAVEE,full,linear_svm,sad,0.7777777777777778,0.7777777777777778,0.7777777777777778,9.0
single_SAVEE,full,linear_svm,angry,0.45454545454545453,0.5555555555555556,0.5,9.0
single_SAVEE,full,linear_svm,fear,0.8571428571428571,0.6666666666666666,0.75,9.0
single_SAVEE,full,linear_svm,disgust,0.8,0.4444444444444444,0.5714285714285714,9.0
single_SAVEE,full,linear_svm,accuracy,0.7142857142857143,0.7142857142857143,0.7142857142857143,0.7142857142857143
single_SAVEE,full,linear_svm,macro avg,0.7191507809928863,0.6851851851851851,0.6884563134563134,63.0
single_SAVEE,full,linear_svm,weighted avg,0.7367157070164588,0.7142857142857143,0.7136575350861064,63.0
single_SAVEE,full,random_forest,neutral,0.5625,1.0,0.72,18.0
single_SAVEE,full,random_forest,happy,0.4444444444444444,0.4444444444444444,0.4444444444444444,9.0
single_SAVEE,full,random_forest,sad,0.75,0.3333333333333333,0.46153846153846156,9.0
single_SAVEE,full,random_forest,angry,0.4444444444444444,0.4444444444444444,0.4444444444444444,9.0
single_SAVEE,full,random_forest,fear,1.0,0.7777777777777778,0.875,9.0
single_SAVEE,full,random_forest,disgust,0.5,0.1111111111111111,0.18181818181818182,9.0
single_SAVEE,full,random_forest,accuracy,0.5873015873015873,0.5873015873015873,0.5873015873015873,0.5873015873015873
single_SAVEE,full,random_forest,macro avg,0.6168981481481481,0.5185185185185185,0.5212075887075888,63.0
single_SAVEE,full,random_forest,weighted avg,0.6091269841269841,0.5873015873015873,0.5496065046065045,63.0
single_SAVEE,full,extra_trees,neutral,0.5625,1.0,0.72,18.0
single_SAVEE,full,extra_trees,happy,0.4444444444444444,0.4444444444444444,0.4444444444444444,9.0
single_SAVEE,full,extra_trees,sad,0.75,0.3333333333333333,0.46153846153846156,9.0
single_SAVEE,full,extra_trees,angry,0.4444444444444444,0.4444444444444444,0.4444444444444444,9.0
single_SAVEE,full,extra_trees,fear,1.0,0.7777777777777778,0.875,9.0
single_SAVEE,full,extra_trees,disgust,0.5,0.1111111111111111,0.18181818181818182,9.0
single_SAVEE,full,extra_trees,accuracy,0.5873015873015873,0.5873015873015873,0.5873015873015873,0.5873015873015873
single_SAVEE,full,extra_trees,macro avg,0.6168981481481481,0.5185185185185185,0.5212075887075888,63.0
single_SAVEE,full,extra_trees,weighted avg,0.6091269841269841,0.5873015873015873,0.5496065046065045,63.0
single_SAVEE,full,rbf_svm,neutral,0.7727272727272727,0.9444444444444444,0.85,18.0
single_SAVEE,full,rbf_svm,happy,0.45454545454545453,0.5555555555555556,0.5,9.0
single_SAVEE,full,rbf_svm,sad,0.7,0.7777777777777778,0.7368421052631579,9.0
single_SAVEE,full,rbf_svm,angry,0.625,0.5555555555555556,0.5882352941176471,9.0
single_SAVEE,full,rbf_svm,fear,0.875,0.7777777777777778,0.8235294117647058,9.0
single_SAVEE,full,rbf_svm,disgust,0.75,0.3333333333333333,0.46153846153846156,9.0
single_SAVEE,full,rbf_svm,accuracy,0.6984126984126984,0.6984126984126984,0.6984126984126984,0.6984126984126984
single_SAVEE,full,rbf_svm,macro avg,0.6962121212121213,0.6574074074074073,0.6600242121139955,63.0
single_SAVEE,full,rbf_svm,weighted avg,0.7071428571428571,0.6984126984126984,0.6871636103834246,63.0
single_TESS,mfcc,dummy_most_frequent,neutral,0.16666666666666666,1.0,0.2857142857142857,60.0
single_TESS,mfcc,dummy_most_frequent,happy,0.0,0.0,0.0,60.0
single_TESS,mfcc,dummy_most_frequent,sad,0.0,0.0,0.0,60.0
single_TESS,mfcc,dummy_most_frequent,angry,0.0,0.0,0.0,60.0
single_TESS,mfcc,dummy_most_frequent,fear,0.0,0.0,0.0,60.0
single_TESS,mfcc,dummy_most_frequent,disgust,0.0,0.0,0.0,60.0
single_TESS,mfcc,dummy_most_frequent,accuracy,0.16666666666666666,0.16666666666666666,0.16666666666666666,0.16666666666666666
single_TESS,mfcc,dummy_most_frequent,macro avg,0.027777777777777776,0.16666666666666666,0.047619047619047616,360.0
single_TESS,mfcc,dummy_most_frequent,weighted avg,0.027777777777777776,0.16666666666666666,0.047619047619047616,360.0
single_TESS,mfcc,logistic_regression,neutral,1.0,1.0,1.0,60.0
single_TESS,mfcc,logistic_regression,happy,1.0,1.0,1.0,60.0
single_TESS,mfcc,logistic_regression,sad,1.0,1.0,1.0,60.0
single_TESS,mfcc,logistic_regression,angry,1.0,1.0,1.0,60.0
single_TESS,mfcc,logistic_regression,fear,1.0,1.0,1.0,60.0
single_TESS,mfcc,logistic_regression,disgust,1.0,1.0,1.0,60.0
single_TESS,mfcc,logistic_regression,accuracy,1.0,1.0,1.0,1.0
single_TESS,mfcc,logistic_regression,macro avg,1.0,1.0,1.0,360.0
single_TESS,mfcc,logistic_regression,weighted avg,1.0,1.0,1.0,360.0
single_TESS,mfcc,linear_svm,neutral,1.0,1.0,1.0,60.0
single_TESS,mfcc,linear_svm,happy,1.0,1.0,1.0,60.0
single_TESS,mfcc,linear_svm,sad,1.0,1.0,1.0,60.0
single_TESS,mfcc,linear_svm,angry,1.0,1.0,1.0,60.0
single_TESS,mfcc,linear_svm,fear,1.0,1.0,1.0,60.0
single_TESS,mfcc,linear_svm,disgust,1.0,1.0,1.0,60.0
single_TESS,mfcc,linear_svm,accuracy,1.0,1.0,1.0,1.0
single_TESS,mfcc,linear_svm,macro avg,1.0,1.0,1.0,360.0
single_TESS,mfcc,linear_svm,weighted avg,1.0,1.0,1.0,360.0
single_TESS,mfcc,random_forest,neutral,0.967741935483871,1.0,0.9836065573770492,60.0
single_TESS,mfcc,random_forest,happy,1.0,1.0,1.0,60.0
single_TESS,mfcc,random_forest,sad,1.0,1.0,1.0,60.0
single_TESS,mfcc,random_forest,angry,1.0,1.0,1.0,60.0
single_TESS,mfcc,random_forest,fear,1.0,1.0,1.0,60.0
single_TESS,mfcc,random_forest,disgust,1.0,0.9666666666666667,0.9830508474576272,60.0
single_TESS,mfcc,random_forest,accuracy,0.9944444444444445,0.9944444444444445,0.9944444444444445,0.9944444444444445
single_TESS,mfcc,random_forest,macro avg,0.9946236559139785,0.9944444444444445,0.9944429008057795,360.0
single_TESS,mfcc,random_forest,weighted avg,0.9946236559139785,0.9944444444444445,0.9944429008057796,360.0
single_TESS,mfcc,extra_trees,neutral,1.0,1.0,1.0,60.0
single_TESS,mfcc,extra_trees,happy,1.0,1.0,1.0,60.0
single_TESS,mfcc,extra_trees,sad,0.9836065573770492,1.0,0.9917355371900827,60.0
single_TESS,mfcc,extra_trees,angry,1.0,1.0,1.0,60.0
single_TESS,mfcc,extra_trees,fear,1.0,1.0,1.0,60.0
single_TESS,mfcc,extra_trees,disgust,1.0,0.9833333333333333,0.9915966386554622,60.0
single_TESS,mfcc,extra_trees,accuracy,0.9972222222222222,0.9972222222222222,0.9972222222222222,0.9972222222222222
single_TESS,mfcc,extra_trees,macro avg,0.9972677595628415,0.9972222222222222,0.9972220293075909,360.0
single_TESS,mfcc,extra_trees,weighted avg,0.9972677595628416,0.9972222222222222,0.9972220293075906,360.0
single_TESS,mfcc,rbf_svm,neutral,1.0,1.0,1.0,60.0
single_TESS,mfcc,rbf_svm,happy,1.0,1.0,1.0,60.0
single_TESS,mfcc,rbf_svm,sad,1.0,1.0,1.0,60.0
single_TESS,mfcc,rbf_svm,angry,1.0,1.0,1.0,60.0
single_TESS,mfcc,rbf_svm,fear,1.0,1.0,1.0,60.0
single_TESS,mfcc,rbf_svm,disgust,1.0,1.0,1.0,60.0
single_TESS,mfcc,rbf_svm,accuracy,1.0,1.0,1.0,1.0
single_TESS,mfcc,rbf_svm,macro avg,1.0,1.0,1.0,360.0
single_TESS,mfcc,rbf_svm,weighted avg,1.0,1.0,1.0,360.0
single_TESS,full,dummy_most_frequent,neutral,0.16666666666666666,1.0,0.2857142857142857,60.0
single_TESS,full,dummy_most_frequent,happy,0.0,0.0,0.0,60.0
single_TESS,full,dummy_most_frequent,sad,0.0,0.0,0.0,60.0
single_TESS,full,dummy_most_frequent,angry,0.0,0.0,0.0,60.0
single_TESS,full,dummy_most_frequent,fear,0.0,0.0,0.0,60.0
single_TESS,full,dummy_most_frequent,disgust,0.0,0.0,0.0,60.0
single_TESS,full,dummy_most_frequent,accuracy,0.16666666666666666,0.16666666666666666,0.16666666666666666,0.16666666666666666
single_TESS,full,dummy_most_frequent,macro avg,0.027777777777777776,0.16666666666666666,0.047619047619047616,360.0
single_TESS,full,dummy_most_frequent,weighted avg,0.027777777777777776,0.16666666666666666,0.047619047619047616,360.0
single_TESS,full,logistic_regression,neutral,1.0,1.0,1.0,60.0
single_TESS,full,logistic_regression,happy,1.0,1.0,1.0,60.0
single_TESS,full,logistic_regression,sad,1.0,1.0,1.0,60.0
single_TESS,full,logistic_regression,angry,1.0,1.0,1.0,60.0
single_TESS,full,logistic_regression,fear,1.0,1.0,1.0,60.0
single_TESS,full,logistic_regression,disgust,1.0,1.0,1.0,60.0
single_TESS,full,logistic_regression,accuracy,1.0,1.0,1.0,1.0
single_TESS,full,logistic_regression,macro avg,1.0,1.0,1.0,360.0
single_TESS,full,logistic_regression,weighted avg,1.0,1.0,1.0,360.0
single_TESS,full,linear_svm,neutral,1.0,1.0,1.0,60.0
single_TESS,full,linear_svm,happy,1.0,1.0,1.0,60.0
single_TESS,full,linear_svm,sad,1.0,1.0,1.0,60.0
single_TESS,full,linear_svm,angry,1.0,1.0,1.0,60.0
single_TESS,full,linear_svm,fear,1.0,1.0,1.0,60.0
single_TESS,full,linear_svm,disgust,1.0,1.0,1.0,60.0
single_TESS,full,linear_svm,accuracy,1.0,1.0,1.0,1.0
single_TESS,full,linear_svm,macro avg,1.0,1.0,1.0,360.0
single_TESS,full,linear_svm,weighted avg,1.0,1.0,1.0,360.0
single_TESS,full,random_forest,neutral,0.9836065573770492,1.0,0.9917355371900827,60.0
single_TESS,full,random_forest,happy,1.0,1.0,1.0,60.0
single_TESS,full,random_forest,sad,1.0,1.0,1.0,60.0
single_TESS,full,random_forest,angry,1.0,1.0,1.0,60.0
single_TESS,full,random_forest,fear,1.0,1.0,1.0,60.0
single_TESS,full,random_forest,disgust,1.0,0.9833333333333333,0.9915966386554622,60.0
single_TESS,full,random_forest,accuracy,0.9972222222222222,0.9972222222222222,0.9972222222222222,0.9972222222222222
single_TESS,full,random_forest,macro avg,0.9972677595628415,0.9972222222222222,0.9972220293075909,360.0
single_TESS,full,random_forest,weighted avg,0.9972677595628416,0.9972222222222222,0.9972220293075906,360.0
single_TESS,full,extra_trees,neutral,0.9836065573770492,1.0,0.9917355371900827,60.0
single_TESS,full,extra_trees,happy,1.0,1.0,1.0,60.0
single_TESS,full,extra_trees,sad,1.0,1.0,1.0,60.0
single_TESS,full,extra_trees,angry,1.0,1.0,1.0,60.0
single_TESS,full,extra_trees,fear,1.0,1.0,1.0,60.0
single_TESS,full,extra_trees,disgust,1.0,0.9833333333333333,0.9915966386554622,60.0
single_TESS,full,extra_trees,accuracy,0.9972222222222222,0.9972222222222222,0.9972222222222222,0.9972222222222222
single_TESS,full,extra_trees,macro avg,0.9972677595628415,0.9972222222222222,0.9972220293075909,360.0
single_TESS,full,extra_trees,weighted avg,0.9972677595628416,0.9972222222222222,0.9972220293075906,360.0
single_TESS,full,rbf_svm,neutral,1.0,1.0,1.0,60.0
single_TESS,full,rbf_svm,happy,1.0,1.0,1.0,60.0
single_TESS,full,rbf_svm,sad,1.0,1.0,1.0,60.0
single_TESS,full,rbf_svm,angry,1.0,1.0,1.0,60.0
single_TESS,full,rbf_svm,fear,1.0,1.0,1.0,60.0
single_TESS,full,rbf_svm,disgust,1.0,1.0,1.0,60.0
single_TESS,full,rbf_svm,accuracy,1.0,1.0,1.0,1.0
single_TESS,full,rbf_svm,macro avg,1.0,1.0,1.0,360.0
single_TESS,full,rbf_svm,weighted avg,1.0,1.0,1.0,360.0
