sample_id,dataset,emotion,split,pitch_mean,pitch_std,voiced_ratio,rms_mean,rms_std,zcr_mean,zcr_std,pause_ratio,pause_count,speaking_continuity
s001821,CREMA-D,angry,train,282.75342666494913,35.488262270728605,0.8266666666666667,0.12892102556078125,0.07583144227945751,0.0980494966442953,0.04107580368339208,0.013513513513513487,0,0.9864864864864865
s004293,CREMA-D,angry,train,164.50709996531936,39.84376956291755,0.5543478260869565,0.09680888229859588,0.11096524385354369,0.07966945482336957,0.06122485708344292,0.010893153482830487,0,0.9891068465171695
s001145,CREMA-D,angry,validation,343.6744484421021,82.22131462787502,0.6764705882352942,0.08769561968563097,0.0903702177245484,0.18643598414179105,0.09250366304372953,0.0,0,1.0
s003865,CREMA-D,angry,train,197.5504832397816,68.65809235254885,0.9047619047619048,0.1500398795462651,0.08734617307863808,0.0920910203313253,0.02964028112697892,0.0,0,1.0
s003373,CREMA-D,angry,train,301.33977187294437,58.96956175367644,0.8983050847457628,0.19339868168418223,0.14687643494788358,0.09905849358974358,0.04568302871522618,0.0,0,1.0
s005377,CREMA-D,angry,train,328.87798729985946,44.24165452229733,0.8076923076923077,0.09772811373424473,0.07459101586611239,0.17315496055825244,0.15641980052398197,0.0,0,1.0
s001869,CREMA-D,angry,test,254.9480358680048,28.457874106108857,0.6666666666666666,0.1881933208717496,0.15054649437999715,0.1630400587248322,0.1208240617603134,0.06756756756756754,2,0.9324324324324325
s003367,CREMA-D,angry,train,275.239502901548,74.69130609778172,0.8412698412698413,0.07156959205120803,0.06398921387177141,0.145890625,0.15056153519045373,0.048387096774193505,0,0.9516129032258065
s007440,CREMA-D,angry,train,265.36796578843445,16.615099308133978,0.7567567567567568,0.1364885158390317,0.09278212280795496,0.13699967893835616,0.06051482064720448,0.0,0,1.0
s005447,CREMA-D,angry,test,283.9172778735648,45.433041529213035,0.46153846153846156,0.06312807222768184,0.060531341318785174,0.08646043346774193,0.0670732701217789,0.0,0,1.0
s002799,CREMA-D,angry,train,205.8631934463522,37.84418471355249,0.5,0.20718783733427404,0.14395403597032544,0.10414284806910569,0.041873782478929165,0.0,0,1.0
s008690,TESS,angry,test,296.78906064645145,50.768065354660436,0.8863636363636364,0.12355147542207148,0.10473929419331983,0.10366154813218391,0.1029903806083539,0.023255813953488413,0,0.9767441860465116
s008635,TESS,angry,test,265.7870474861801,55.787040092720865,0.8958333333333334,0.17344007065127554,0.13388472287060166,0.10401932565789473,0.12071861520134063,0.0,0,1.0
s003094,CREMA-D,angry,train,129.56224905904872,5.352363168003544,0.5245901639344263,0.10598101948204709,0.10793928940939206,0.08261558657786885,0.04475270439157316,0.01652359129929648,0,0.9834764087007035
s009698,TESS,angry,train,249.61611474047493,47.09137398685256,0.5873015873015873,0.0909264171551913,0.07661804189153083,0.2440234375,0.23321894575732105,0.06451612903225812,2,0.9354838709677419
s003251,CREMA-D,angry,train,253.01892534872997,41.32968141704631,0.92,0.08077542516732156,0.0818156212148799,0.1331478851010101,0.08736825706305741,0.020408163265306145,0,0.9795918367346939
s009740,TESS,angry,train,253.90382844111846,35.08126888840081,0.5714285714285714,0.08129365673781165,0.07210646669583656,0.2776036982913669,0.225275199039648,0.05797101449275366,1,0.9420289855072463
s002930,CREMA-D,angry,train,221.65826618542573,71.56999030896023,0.8032786885245902,0.13115334633953316,0.1052279422967217,0.0857760847107438,0.07726071790786784,0.0,0,1.0
s007760,CREMA-D,angry,train,85.33196741276618,12.25556782744601,0.4470588235294118,0.03243693371424617,0.04095361954611147,0.12216854659763314,0.11428759715579101,0.13095238095238093,2,0.8690476190476191
s006211,CREMA-D,angry,train,201.65184923072613,47.77519447437511,0.6938775510204082,0.174362648895356,0.15620362869026866,0.1241845199742268,0.059304855966260006,0.0,0,1.0
s006495,CREMA-D,angry,train,137.95280214553983,23.943305181492967,0.703125,0.09329471476667095,0.06756567328315524,0.0654144287109375,0.05676531836899131,0.0,0,1.0
s007767,CREMA-D,angry,train,98.11629304892,13.353073475052566,0.4153846153846154,0.0793258575650935,0.06819935513157067,0.1314978966346154,0.15362526092719453,0.09244380247359396,1,0.907556197526406
s001554,CREMA-D,angry,train,236.09417400508377,74.0167132687425,0.7446808510638298,0.11061043432483109,0.10434522987089163,0.0968792002688172,0.04461989225667864,0.08695652173913049,1,0.9130434782608695
s007111,CREMA-D,angry,train,376.2906046778539,49.51176672360433,0.7543859649122807,0.10037273195349669,0.08764176675274665,0.13932003595132744,0.06654344349807499,0.0357142857142857,1,0.9642857142857143
s009721,TESS,angry,train,268.7925982711543,25.028388737605844,0.5283018867924528,0.10210140920632209,0.09312685913004855,0.278515625,0.26357872858693365,0.038461538461538436,1,0.9615384615384616
s004325,CREMA-D,angry,test,154.66307121792642,40.179357273841596,0.4782608695652174,0.10009406805983272,0.10695365150192399,0.07701398324275362,0.040834468547481156,0.0,0,1.0
s004697,CREMA-D,angry,test,144.49517497466962,24.57270853711518,0.5287356321839081,0.0947110497542582,0.09246043598664129,0.07309065193965517,0.05045667840100997,0.0,0,1.0
s002999,CREMA-D,angry,train,199.53280736325004,22.533880123077417,0.6666666666666666,0.12225494309719923,0.09368523771497651,0.13988196331521738,0.15960205045505677,0.0,0,1.0
s007864,CREMA-D,angry,validation,160.84056208497324,62.455430892706744,0.8181818181818182,0.07881770248591803,0.06608401114718052,0.08356311274509803,0.06110615659036221,0.0,0,1.0
s004721,CREMA-D,angry,test,126.28218590334806,15.217620117363387,0.4897959183673469,0.0553872363976179,0.0637792674415456,0.09906350160256411,0.08525438013963674,0.010309278350515427,0,0.9896907216494846
s008064,CREMA-D,angry,test,133.76140004394014,18.62143646021133,0.4875,0.07242517894625945,0.06746329495711179,0.14977643474842767,0.15923397768886172,0.10126582278481011,2,0.8987341772151899
s007766,CREMA-D,angry,train,109.3587226920592,14.413382752496567,0.5773195876288659,0.07568585666118509,0.07183441272503177,0.17254290803108807,0.18850682409887584,0.07291666666666663,3,0.9270833333333334
s009849,TESS,angry,train,256.07085911045357,35.79575341665931,0.5652173913043478,0.08446726812573191,0.065988660239188,0.2516323562956204,0.2331592851609305,0.014705882352941124,0,0.9852941176470589
s008614,TESS,angry,test,265.77732010845824,26.037037410312685,0.8913043478260869,0.15329110222244327,0.1240472244832071,0.119140625,0.1254006974543442,0.0,0,1.0
s004521,CREMA-D,angry,test,288.4840342479526,50.39780969752805,0.8674698795180723,0.08401837076032252,0.06911702170533503,0.07659209280303031,0.03548585238153524,0.012195121951219523,0,0.9878048780487805
s008328,CREMA-D,angry,train,411.89665978599425,254.5937749082939,0.8727272727272727,0.1110513261818421,0.10826704749522645,0.24914886754587157,0.2230248122840737,0.03703703703703709,1,0.9629629629629629
s006765,CREMA-D,angry,validation,216.80116783087055,31.050758629580482,0.6458333333333334,0.11867992572584435,0.10715211763758016,0.2506064967105263,0.22967009476898437,0.0,0,1.0
s008688,TESS,angry,test,351.8439231616707,200.27428420596172,0.9111111111111111,0.14476406004991424,0.12350368612750627,0.11372015449438203,0.11265911715163456,0.0,0,1.0
s007268,CREMA-D,angry,test,133.3899602663112,8.64406191303349,0.8,0.10400200743849079,0.09907227845189512,0.10369961503623189,0.047512354451609715,0.0,0,1.0
s002923,CREMA-D,angry,train,209.94376737566637,35.43985056552274,0.6716417910447762,0.10132921471802601,0.0886096594363361,0.08473501632462686,0.04671742754463635,0.0,0,1.0
s006887,CREMA-D,angry,train,216.7634879018013,65.72948607127536,0.6111111111111112,0.09037702301040638,0.08773534812757984,0.09312318313953488,0.059054384224546216,0.009307398654790022,0,0.99069260134521
s000819,RAVDESS,angry,train,296.7297015053527,41.73767675689278,0.6571428571428571,0.08692254401448606,0.07162765976265872,0.22441968300359713,0.15322140169301915,0.0,0,1.0
s009763,TESS,angry,train,624.5350780001745,713.4968384331319,0.746268656716418,0.0819748504371417,0.07768978075852351,0.2907605527052239,0.23457471938406987,0.05992509363295884,1,0.9400749063670412
s008423,CREMA-D,angry,validation,195.0824207566716,41.33673261523641,0.5441176470588235,0.0837691499687293,0.09082293989742359,0.08990837545955882,0.05722692057415102,0.0,0,1.0
s003005,CREMA-D,angry,train,221.3031198616174,33.92084662817668,0.7794117647058824,0.07333052083028152,0.08803953689093362,0.0771627987132353,0.0605531270507592,0.0,0,1.0
s002601,CREMA-D,angry,train,357.2493478500781,80.987746095542,0.8333333333333334,0.15183978712874927,0.11482635956925367,0.1006844143907563,0.03488126173891758,0.0,0,1.0
s008630,TESS,angry,test,250.5457054744352,22.642930132625008,0.8444444444444444,0.11652172146511547,0.08689909827286782,0.14019706811797752,0.17364043854843972,0.0,0,1.0
s001605,CREMA-D,angry,train,193.51936402569638,29.006880725189543,0.6105263157894737,0.08811055306621172,0.09600489562410497,0.08196407903439154,0.0665304497523805,0.15957446808510634,2,0.8404255319148937
s009890,TESS,angry,train,235.00521833201307,40.81237227995109,0.7428571428571429,0.07971341381596549,0.06988205421181494,0.2761142648381295,0.27613702930969913,0.01449275362318836,1,0.9855072463768116
s003561,CREMA-D,angry,train,123.92956881335718,17.01438136732724,0.3058823529411765,0.047761429040610086,0.055506950456954224,0.06980399408284024,0.034068326345838146,0.0,0,1.0
s004585,CREMA-D,angry,train,132.79457281046382,21.395761104271457,0.8524590163934426,0.11504735000246813,0.106694924893699,0.06413836518595041,0.026367102271403736,0.09999999999999998,2,0.9
s005593,CREMA-D,angry,train,177.58840840309165,53.21517016841357,0.6461538461538462,0.10089959127183717,0.1004331195396082,0.09562049278846153,0.07236747656734245,0.0,0,1.0
s003819,CREMA-D,angry,validation,100.14074380955198,10.453110539153492,0.3368421052631579,0.09418147580796167,0.05518712509429505,0.09851459703947368,0.09965920390299472,0.0,0,1.0
s003935,CREMA-D,angry,train,211.79096556083968,9.203823595561127,0.11594202898550725,0.0972604447071624,0.10526201018227233,0.09228159215328467,0.04551290047416855,0.044117647058823484,2,0.9558823529411765
s008634,TESS,angry,test,264.73714059621784,37.002878735614956,0.8444444444444444,0.12520952495849794,0.0993599385575634,0.11985677083333333,0.13173131136455735,0.0,0,1.0
s004451,CREMA-D,angry,train,167.46735955137132,26.992140006868517,0.7733333333333333,0.11329675808661437,0.08972208197916341,0.06997168624161074,0.03877996708925446,0.027027027027026973,0,0.972972972972973
s005435,CREMA-D,angry,test,243.33588585066468,87.4057350066478,0.8676470588235294,0.1512766532599926,0.14392161653387547,0.0814597800925926,0.06353661746729662,0.02985074626865669,0,0.9701492537313433
s008639,TESS,angry,test,277.83783969518026,27.916758005725324,0.8333333333333334,0.1403288786255178,0.10165998269223238,0.11160714285714286,0.07933467706536595,0.0,0,1.0
s008013,CREMA-D,angry,test,115.20438361444519,21.475525310446407,0.7272727272727273,0.08281683101085946,0.07693629907821846,0.09464333274147728,0.10424125629040147,0.0,0,1.0
s000505,RAVDESS,angry,train,192.9824200040277,30.737840929649145,0.890625,0.11015209907495808,0.08142376781137609,0.11077448326771654,0.09556874668867676,0.0,0,1.0
s001822,CREMA-D,disgust,train,214.60224315276247,33.60092085036461,0.7888888888888889,0.09904164225897855,0.07676022637834634,0.05146484375,0.018682995920029834,0.0,0,1.0
s004294,CREMA-D,disgust,train,123.48222783302985,26.1987796544166,0.2247191011235955,0.1064498344792074,0.07933674407382782,0.0742626404494382,0.041216405271653496,0.0,0,1.0
s001148,CREMA-D,disgust,validation,184.32245173433648,57.393815284814885,0.45555555555555555,0.04977183807123867,0.06684982628278748,0.10079210069444444,0.1002757925892008,0.0,0,1.0
s003866,CREMA-D,disgust,train,134.44096410513055,27.08657410310767,0.30303030303030304,0.06918118127003198,0.087538880480514,0.08215797948473283,0.03325053729686668,0.0461538461538461,2,0.9538461538461539
s003374,CREMA-D,disgust,train,244.98031323781393,84.69072087253052,0.7313432835820896,0.08742348793754004,0.07203933295637434,0.091554570018797,0.045858880845629606,0.09090909090909094,2,0.9090909090909091
s005378,CREMA-D,disgust,train,201.33930654238767,40.25412732749063,0.6436781609195402,0.0601640639708902,0.05769520114852727,0.14101786997126436,0.17353669404029798,0.0,0,1.0
s001872,CREMA-D,disgust,test,199.2060259235683,60.06704233714927,0.5764705882352941,0.07890785062277811,0.08867097588969527,0.10542252218934911,0.08545639601955948,0.22619047619047616,2,0.7738095238095238
s003368,CREMA-D,disgust,train,256.4259393097151,38.12259409679876,0.7538461538461538,0.058984985898155,0.054842524979166744,0.12151011385658915,0.1026404735690496,0.0625,0,0.9375
s007443,CREMA-D,disgust,train,266.20812720654,15.617023190156935,0.8857142857142857,0.14505414235189665,0.10134258329345026,0.1340721240942029,0.07718257675030883,0.0,0,1.0
s005448,CREMA-D,disgust,test,196.20870581787884,59.732910133417896,0.5431034482758621,0.0760521838714465,0.07288448985094535,0.07234139278017242,0.03955798338958659,0.0,0,1.0
s002800,CREMA-D,disgust,train,182.71107504083548,19.30671092523468,0.5925925925925926,0.1390852178302333,0.10722948070364327,0.0763963024068323,0.0371805374804586,0.0,0,1.0
s008890,TESS,disgust,test,187.63490194071142,29.116689893686384,0.7808219178082192,0.11562777611202207,0.09961657732374356,0.1232354525862069,0.1899596942635203,0.0,0,1.0
s008835,TESS,disgust,test,181.21371666406816,21.109682758549077,0.7605633802816901,0.10558986132570976,0.08430062712651885,0.1255157900528169,0.1762768062128196,0.0,0,1.0
s003097,CREMA-D,disgust,train,119.28993263803044,8.497101093439472,0.25,0.10321009393875338,0.08552988553171528,0.07293034401260504,0.04537079392600301,0.0,0,1.0
s009898,TESS,disgust,train,203.970849291488,44.33676215962793,0.5373134328358209,0.09955157438328986,0.07372663538567362,0.1674327420112782,0.18741414358041308,0.09090909090909094,1,0.9090909090909091
s003252,CREMA-D,disgust,train,170.4589097082266,13.721103283559735,0.35,0.10651420280571629,0.08902849834861593,0.07827854756289308,0.05437187532665095,0.0,0,1.0
s009940,TESS,disgust,train,196.27353038589504,56.55750652083192,0.5,0.10947577184118279,0.1004582096237613,0.2146115603146853,0.22983186466603972,0.07042253521126762,1,0.9295774647887324
s002933,CREMA-D,disgust,train,184.76061515076213,12.99837453172627,0.3333333333333333,0.13377052426770114,0.05121060614834994,0.06734742980072464,0.053658469491590415,0.0,0,1.0
s007761,CREMA-D,disgust,train,78.7843888668143,10.780953096098912,0.8914728682170543,0.08688646375205267,0.05689563914726583,0.09003754255836575,0.09268267417277062,0.0,0,1.0
s006214,CREMA-D,disgust,train,121.82024832815188,23.9037483451507,0.3956043956043956,0.07067886791938083,0.0702490308987324,0.09019444924033149,0.049669442741602204,0.0,0,1.0
s006496,CREMA-D,disgust,train,165.61408332192957,37.43790125857549,0.6708860759493671,0.0499153204713088,0.06700166028866537,0.06722730891719746,0.05276725198009381,0.0,0,1.0
s007770,CREMA-D,disgust,train,77.359168986319,10.843006059410861,0.85,0.04009681128564492,0.02977105996798052,0.08048052763819095,0.09464490369333918,0.0,0,1.0
s001557,CREMA-D,disgust,train,221.81532705692294,14.084687667164255,0.3114754098360656,0.09365900238006075,0.09229585578820604,0.07216877582644628,0.060496008462418836,0.0,0,1.0
s007114,CREMA-D,disgust,train,137.61251252389275,57.060032093501,0.6447368421052632,0.12532853127907442,0.062404584296604795,0.06098665149006623,0.022769026867505628,0.0,0,1.0
s009921,TESS,disgust,train,266.7046774797214,61.39400335581353,0.352112676056338,0.08747928681455598,0.07380459111681023,0.282475897606383,0.27224527569106416,0.042857142857142816,1,0.9571428571428572
s004328,CREMA-D,disgust,test,105.82471001211772,9.289160664091028,0.5555555555555556,0.15658037234907565,0.07581250191025098,0.06623034743788819,0.043273689914359016,0.0,0,1.0
s004698,CREMA-D,disgust,test,110.15477608707418,7.013285822618296,0.6444444444444445,0.12241667074461778,0.09535940404881553,0.05870768229166667,0.018869057354918103,0.0,0,1.0
s003000,CREMA-D,disgust,train,176.81870098562226,34.101552140053926,0.5058823529411764,0.11128065909242489,0.07410930606969948,0.1301775147928994,0.16024916507327225,0.0,0,1.0
s007865,CREMA-D,disgust,validation,129.59170688339998,52.23258662646966,0.7894736842105263,0.12240485453880147,0.09841374230012331,0.04568770559210526,0.01602310615215224,0.0,0,1.0
s004722,CREMA-D,disgust,test,117.73610210913174,15.795362902519717,0.6792452830188679,0.05102387088311227,0.05515626425514073,0.08566906101895734,0.07136051289717815,0.0,0,1.0
s008065,CREMA-D,disgust,test,104.39691067097735,14.070017368206281,0.8767123287671232,0.13590670203509397,0.08813247109618677,0.09177680864726027,0.09744153602882415,0.0,0,1.0
s007769,CREMA-D,disgust,train,93.56635238855888,27.67987156191702,0.6041666666666666,0.07156113190770459,0.0742446518766182,0.06740824381510417,0.06010302504231281,0.0,0,1.0
s010049,TESS,disgust,train,211.5139952792217,40.36535212348295,0.4594594594594595,0.10753581782828281,0.07925486825488456,0.22025138180272108,0.2329510679532023,0.013698630136986356,0,0.9863013698630136
s008814,TESS,disgust,test,180.91898813686018,25.814350627875267,0.5949367088607594,0.10313947100761779,0.10204191508341684,0.12644929339171976,0.1630755865958818,0.0,0,1.0
s004522,CREMA-D,disgust,test,203.43054517625765,15.714746637494216,0.52,0.10759069656382254,0.07052853017995532,0.06631791771356783,0.02696326955637277,0.0,0,1.0
s008329,CREMA-D,disgust,train,103.01963671303622,57.04288008797602,0.3828125,0.06164481999608232,0.05624696477997653,0.17321920955882353,0.2195508800220061,0.0,0,1.0
s006766,CREMA-D,disgust,validation,105.50432144257684,11.600704814320796,0.26732673267326734,0.06471177247533602,0.0736674443978303,0.17704446517412936,0.2280480402261375,0.0,0,1.0
s008888,TESS,disgust,test,242.49228205791744,175.1553665706927,0.6712328767123288,0.08591201669568646,0.0929297528828695,0.14369612068965518,0.2015336324091406,0.0,0,1.0
s007269,CREMA-D,disgust,test,113.43079623644415,10.251783087438087,0.34328358208955223,0.05747711328663548,0.07909748638222418,0.06009897791353384,0.01839829286090951,0.045454545454545414,0,0.9545454545454546
s002924,CREMA-D,disgust,train,211.5019280669284,26.439718755417907,0.42045454545454547,0.09620517365295779,0.07663650866793353,0.06700550426136363,0.047982384327057044,0.0,0,1.0
s006888,CREMA-D,disgust,train,186.34278370882996,61.40072523934977,0.5346534653465347,0.07224629042364324,0.0729935977173755,0.07155142257462686,0.039382308197230764,0.0,0,1.0
s000835,RAVDESS,disgust,train,237.44572613259163,76.5989177798439,0.4639175257731959,0.10463884785660384,0.07867903267445261,0.18893195433937823,0.17634038070640717,0.09375,2,0.90625
s009963,TESS,disgust,train,706.0683998072415,784.2830815400363,0.4794520547945205,0.10572023918590674,0.09465402143925067,0.2519798801369863,0.22937841994594513,0.0,0,1.0
s008426,CREMA-D,disgust,validation,144.74372360821877,97.15453442202923,0.4880952380952381,0.12013339001440003,0.0647787374675674,0.05803822043413174,0.05409170488845234,0.0,0,1.0
s003006,CREMA-D,disgust,train,0.0,0.0,0.0,0.13432154709480673,0.045663276448490435,0.05725146289840637,0.030259615929775337,0.0,0,1.0
s002604,CREMA-D,disgust,train,168.94691787951106,61.33676833098113,0.4,0.11086973267558374,0.05169176022062216,0.06410875822368421,0.03611414975808253,0.0,0,1.0
s008830,TESS,disgust,test,178.01059405969005,18.93129112632393,0.4852941176470588,0.1081982158779822,0.08930292655842034,0.14527633101851853,0.18753730336566266,0.014925373134328401,0,0.9850746268656716
s001606,CREMA-D,disgust,train,166.40266088794118,51.805080051752455,0.5789473684210527,0.06149874310940504,0.0461020625529387,0.05913856907894737,0.04031496319245807,0.0,0,1.0
s010090,TESS,disgust,train,187.75168646797863,32.720616789752945,0.4074074074074074,0.10249908011036445,0.08954321373229358,0.17061335403726707,0.2167789408240134,0.025000000000000022,1,0.975
s003562,CREMA-D,disgust,train,112.12810587421218,10.81427368349284,0.48,0.09346979176017207,0.06660825219507811,0.06916418027638191,0.04206367376233459,0.0,0,1.0
s004586,CREMA-D,disgust,train,122.74662199816584,11.075866060096013,0.4090909090909091,0.0777652414240451,0.08398101230566361,0.06254993785511363,0.020934910060568062,0.0,0,1.0
s005594,CREMA-D,disgust,train,250.01387532603079,106.28755109975745,0.3698630136986301,0.062266807942169496,0.07293075085280322,0.09826912715517241,0.062472311774568676,0.1527777777777778,2,0.8472222222222222
s003820,CREMA-D,disgust,validation,101.25077157157502,7.971864669415795,0.34831460674157305,0.08982796709607827,0.058809228076838534,0.07679731390449439,0.061002514479236825,0.0,0,1.0
s003936,CREMA-D,disgust,train,173.1776843850705,60.645033095667074,0.7,0.07140761673591046,0.07155194315771723,0.08999729756289308,0.06086369485426685,0.03797468354430378,0,0.9620253164556962
s008834,TESS,disgust,test,195.32158251932486,23.79470605691398,0.7746478873239436,0.0917795861080866,0.07459537444943723,0.12482119278169014,0.17536091802085804,0.028227251426523714,0,0.9717727485734763
s004452,CREMA-D,disgust,train,138.96319126989633,16.062355563440498,0.5056179775280899,0.1135805166179963,0.09226322850646179,0.0684252106741573,0.04830983658949274,0.0,0,1.0
s005436,CREMA-D,disgust,test,177.94287973662676,50.23253168698011,0.9210526315789473,0.12890612659667502,0.08610344812182583,0.07310637417218543,0.05519147964815671,0.0,0,1.0
s008839,TESS,disgust,test,181.42252813918685,26.51310571930583,0.5303030303030303,0.11615042596575663,0.10742323339778388,0.15367542613636365,0.19302745166231614,0.0,0,1.0
s008016,CREMA-D,disgust,test,102.71925884819274,14.732050841954862,0.5245901639344263,0.08224617046388713,0.0629611007579361,0.06863378099173553,0.05606245445972802,0.0,0,1.0
s000521,RAVDESS,disgust,train,191.56946523293095,37.375237814040354,0.6067415730337079,0.07424205147097608,0.0745158580368542,0.1195268361581921,0.10999875333890172,0.28409090909090906,1,0.7159090909090909
s001823,CREMA-D,fear,train,281.8701097415287,49.16622667865736,0.8295454545454546,0.11230788029074161,0.10921997457009888,0.06654496626420454,0.030315063931542537,0.022812332917483524,1,0.9771876670825165
s004295,CREMA-D,fear,train,162.58165533691945,40.85007765841757,0.6973684210526315,0.12812001433297499,0.10836816397168168,0.06980805049668874,0.058725519077722825,0.0,0,1.0
s001151,CREMA-D,fear,validation,258.06282475983824,30.68401305586608,0.18292682926829268,0.05409873463213444,0.06979992903379226,0.08659652990797546,0.07329196795599308,0.0,0,1.0
s003867,CREMA-D,fear,train,116.33855386226831,21.476928116708965,0.5238095238095238,0.06558928226014811,0.057289600021600856,0.05238351422155688,0.016507984089929185,0.0,0,1.0
s003375,CREMA-D,fear,train,449.70586449634,85.27007998704767,0.7,0.13626411419145462,0.09493616745578018,0.13711332070707072,0.06098519012095726,0.04081632653061229,0,0.9591836734693877
s005379,CREMA-D,fear,train,349.95836323040476,94.65550061098872,0.734375,0.09271689468085414,0.08617964559687562,0.11574187992125984,0.0959380598638171,0.23809523809523814,0,0.7619047619047619
s001875,CREMA-D,fear,test,318.87390415604153,18.79758281060127,0.9333333333333333,0.25807263178877154,0.15083082540988707,0.12286480402542373,0.02953835123675791,0.0,0,1.0
s003369,CREMA-D,fear,train,414.9757409237848,88.0028919010974,0.7627118644067796,0.14318218741279382,0.1369602651335279,0.17277644230769232,0.09895958152703736,0.03448275862068961,1,0.9655172413793104
s007446,CREMA-D,fear,train,220.05968825896093,84.56456644147983,0.5573770491803278,0.08499375875454304,0.09078765322365111,0.06922294679752067,0.04706665708583841,0.0,0,1.0
s005449,CREMA-D,fear,test,190.2867324050192,74.57975249387542,0.6666666666666666,0.08548469561525805,0.07295701885047826,0.06378064184131736,0.04021643965939527,0.0,0,1.0
s002801,CREMA-D,fear,train,146.2307203196755,35.068570294801795,0.6219512195121951,0.07151566047587095,0.08811812944096922,0.052974022239263806,0.01792325451444183,0.0,0,1.0
s009090,TESS,fear,test,281.615255519612,12.61417871413804,0.8541666666666666,0.16553558071487043,0.09241703366191414,0.11778371710526316,0.17400557676361572,0.0,0,1.0
s009035,TESS,fear,test,303.6834751331051,16.310591742001083,0.8260869565217391,0.13995110485500292,0.08545605724766105,0.11380137567934782,0.16256437086163533,0.0,0,1.0
s003100,CREMA-D,fear,train,75.06301951120231,0.6833725000830881,0.0821917808219178,0.06321816559727877,0.061436808522703744,0.0625802654109589,0.034441554882498136,0.0,0,1.0
s010098,TESS,fear,train,296.8090661212782,48.48956569997917,0.7291666666666666,0.1442835017205461,0.12473203482654104,0.19326685855263157,0.17882283072755803,0.0,0,1.0
s003253,CREMA-D,fear,train,280.9172094008983,42.14578082446569,0.625,0.11526864561292187,0.08122564780502346,0.06590089597902098,0.041771065310946,0.0,0,1.0
s010140,TESS,fear,train,318.6094375158425,40.76504394731651,0.5535714285714286,0.1284681579439036,0.11458635161849083,0.25551932198660715,0.21770166576095365,0.03580169218935736,2,0.9641983078106426
s002936,CREMA-D,fear,train,176.4863996825921,9.089107315897127,0.18309859154929578,0.14566787447727902,0.053977643295818035,0.07826942121478873,0.09040487769082883,0.0,0,1.0
s007762,CREMA-D,fear,train,86.54228819606556,19.39998160341878,0.8571428571428571,0.13299986074855125,0.054750816824996176,0.07600592320261437,0.07108779053495237,0.0,0,1.0
s006217,CREMA-D,fear,train,160.66996234665135,35.21770721399573,0.5094339622641509,0.0758432759969579,0.08365876405861516,0.08014754887440759,0.048118169417984774,0.0,0,1.0
s006497,CREMA-D,fear,train,174.76688251321787,56.49794797251119,0.55,0.1210714874308814,0.09653394077735508,0.054527810534591194,0.037284148953737335,0.0,0,1.0
s007773,CREMA-D,fear,train,81.84172659871582,22.334748454140225,0.8676470588235294,0.09453264037695001,0.05552486948402197,0.07335707720588236,0.08482059827995103,0.0,0,1.0
s001560,CREMA-D,fear,train,213.71064336420957,20.121643932305084,0.375,0.16255169113477072,0.051962154061784005,0.04448106553819445,0.019395083973654876,0.0,0,1.0
s007117,CREMA-D,fear,train,500.1520891908013,28.00770195353129,0.8947368421052632,0.14072120166694124,0.12323941774855347,0.13440104166666667,0.04066747495754738,0.0,0,1.0
s010121,TESS,fear,train,326.1702162563046,76.50109560842392,0.7941176470588235,0.16469483112971953,0.09632265351483783,0.26164587220149255,0.24044860617748226,0.0,0,1.0
s004331,CREMA-D,fear,test,113.57307958800367,11.774291505176615,0.6883116883116883,0.09648011926732032,0.07716392869132542,0.06289573120915033,0.03395224019404601,0.0,0,1.0
s004699,CREMA-D,fear,test,152.96395376701923,46.17174388464319,0.7362637362637363,0.06968340521248487,0.07162033354092275,0.054000686813186816,0.01542892303835272,0.0,0,1.0
s003001,CREMA-D,fear,train,272.73496965525834,34.2600637174728,0.4942528735632184,0.0944595062548573,0.08225876670993328,0.11601450251436782,0.16834169231457516,0.0,0,1.0
s007866,CREMA-D,fear,validation,127.21766871898886,46.4785274810569,0.7010309278350515,0.1075497043520673,0.09529456543124627,0.043784230025773196,0.017367500892194566,0.0,0,1.0
s004723,CREMA-D,fear,test,185.72943250135322,14.19237119459539,0.4878048780487805,0.08051823301275084,0.05662264863867829,0.07155267446319018,0.05888371079725664,0.0,0,1.0
s008066,CREMA-D,fear,test,129.42273977056536,32.931194810818376,0.5733333333333334,0.09129554970852481,0.08425339406395918,0.09888842281879194,0.12104471088073523,0.0,0,1.0
s007772,CREMA-D,fear,train,171.50889164108492,15.593757698977377,0.8064516129032258,0.1171549621541969,0.10346356966103225,0.15146324282786885,0.12586223766142549,0.0,0,1.0
s010249,TESS,fear,train,313.9841864277897,49.7697976386617,0.6938775510204082,0.1582834412891072,0.10455989266197621,0.25014094716494845,0.22396051809746664,0.0,0,1.0
s009014,TESS,fear,test,293.42409304044344,32.70641823295995,0.8461538461538461,0.14467507654584003,0.10455703401313012,0.13040427791262135,0.18032464074787016,0.019607843137254943,1,0.9803921568627451
s004523,CREMA-D,fear,test,256.78318087068106,32.00564989992228,0.6515151515151515,0.10197319887634931,0.08350222924049197,0.06579959753787878,0.026484347694031754,0.0,0,1.0
s008330,CREMA-D,fear,train,196.98248846859974,82.61123612792066,0.7083333333333334,0.07339532046009684,0.06997218030768357,0.14543321397569445,0.1891678025531244,0.0,0,1.0
s006767,CREMA-D,fear,validation,175.34812256123666,62.71871922846523,0.7605633802816901,0.09341799139871564,0.09690684802037224,0.1671503631161972,0.2112274688105731,0.0,0,1.0
s009088,TESS,fear,test,277.8918587715778,20.45972515342087,0.7692307692307693,0.14974037428088124,0.10244465395113297,0.1494899120145631,0.19169475844914827,0.0,0,1.0
s007270,CREMA-D,fear,test,99.08397778176341,16.371921876810564,0.29069767441860467,0.05874944685113638,0.057425992670927385,0.05987690770348837,0.02195776891289002,0.0,0,1.0
s002925,CREMA-D,fear,train,199.44017929465696,46.04744099506115,0.835820895522388,0.13444776126920288,0.06960458201073703,0.09020085121268656,0.07474729762790884,0.0,0,1.0
s006889,CREMA-D,fear,train,299.63819816297195,114.72717180826031,0.7738095238095238,0.08631096476923206,0.09294849900533465,0.07221299588323353,0.03472613031580324,0.0,0,1.0
s000827,RAVDESS,fear,train,677.9052715171218,529.4999171640142,0.711340206185567,0.07985169060981875,0.08497911954064127,0.177329582253886,0.17995112093373353,0.1875,1,0.8125
s010163,TESS,fear,train,314.84026952661037,65.94125077215166,0.7115384615384616,0.1511472762548902,0.09815563907027246,0.28455528846153844,0.2342470380292009,0.0,0,1.0
s008429,CREMA-D,fear,validation,122.58008499244916,53.598845146414625,0.5443037974683544,0.08464151708658334,0.07056149104191159,0.07841112659235669,0.08273130648197402,0.0,0,1.0
s003007,CREMA-D,fear,train,193.22464377322498,40.54942237986006,0.45454545454545453,0.14243792302229188,0.06665823319756525,0.05500377308238636,0.03556924394497497,0.0,0,1.0
s002607,CREMA-D,fear,train,416.02494714836325,112.32157022360113,0.7647058823529411,0.10723902937946933,0.10072980020128808,0.10508199257425743,0.046953108109106606,0.040000000000000036,0,0.96
s009030,TESS,fear,test,289.29025398783216,15.299818393674055,0.8723404255319149,0.16927429948062186,0.0928998187583395,0.1250840053763441,0.18068535524100918,0.0,0,1.0
s001607,CREMA-D,fear,train,194.94556957790925,35.356902587935096,0.4921875,0.10793866351539014,0.05406245677807501,0.05069316789215686,0.029839799621067722,0.0,0,1.0
s010290,TESS,fear,train,323.20931910699807,44.42757535047141,0.6037735849056604,0.10753641616819161,0.08713079863084047,0.24346168154761905,0.22658924259638297,0.0,0,1.0
s003563,CREMA-D,fear,train,157.5892795966831,7.660734179587076,0.3253012048192771,0.07475060449743813,0.06641753186617688,0.061405066287878785,0.019871790887313463,0.0,0,1.0
s004587,CREMA-D,fear,train,122.33699337834979,12.09420933220902,0.6447368421052632,0.07442901010273506,0.07669940137341787,0.05687344784768212,0.022226102114667617,0.0,0,1.0
s005595,CREMA-D,fear,train,162.36693538603018,53.59226682727899,0.8571428571428571,0.0915544041181131,0.09082151034666594,0.08850291418650794,0.07353711846074636,0.0,0,1.0
s003821,CREMA-D,fear,validation,105.37649348820243,14.309269960876406,0.4025974025974026,0.08775786415132042,0.06401676108834932,0.06514246323529412,0.03603355055239132,0.0,0,1.0
s003937,CREMA-D,fear,train,256.89980908515133,28.666393882147787,0.8695652173913043,0.12587513332765032,0.08550283171336154,0.07081860173357664,0.030684224162080956,0.014705882352941124,0,0.9852941176470589
s009034,TESS,fear,test,292.81296165482235,15.408911794050356,0.8979591836734694,0.19848047019153528,0.1074383774428466,0.1090561224489796,0.16804536832033984,0.0,0,1.0
s004453,CREMA-D,fear,train,171.07733320177334,26.994645903740256,0.6417910447761194,0.10748519140988924,0.09515033575177168,0.07456385103383459,0.05172908473572644,0.13636363636363635,1,0.8636363636363636
s005437,CREMA-D,fear,test,185.31631887200666,41.887353506434664,0.6753246753246753,0.15600480166038658,0.08648225212822783,0.05838950163398693,0.04448694245429871,0.0,0,1.0
s009039,TESS,fear,test,284.88983979970317,27.17878895182895,0.8235294117647058,0.13507287738623447,0.09191532774006937,0.12300819925742575,0.16221674156235028,0.020000000000000018,0,0.98
s008019,CREMA-D,fear,test,111.53464527007098,6.942279904106026,0.9245283018867925,0.10400279944851284,0.07860380145560289,0.061690848214285714,0.05257351477454305,0.0,0,1.0
s000513,RAVDESS,fear,train,307.6158964783518,48.16786928164424,0.8653846153846154,0.1096599374386907,0.07631322647644481,0.12250644720873786,0.08283364752498401,0.0,0,1.0
s001824,CREMA-D,happy,train,275.61225936565086,57.84355721414928,0.8356164383561644,0.12183349261264483,0.10047919707971399,0.06599154537671233,0.02903727818643896,0.0,0,1.0
s004296,CREMA-D,happy,train,158.50847066542164,37.16331529806763,0.5952380952380952,0.09803874837513456,0.09125247352340157,0.06523671407185629,0.034146546754255,0.0,0,1.0
s001154,CREMA-D,happy,validation,179.7202104669349,66.99768212287341,0.38202247191011235,0.0630209944472554,0.06864490955517709,0.07862425386235955,0.07476488319584573,0.0,0,1.0
s003868,CREMA-D,happy,train,117.06080329253656,8.409874521121504,0.17647058823529413,0.04674998831555799,0.06038869991579762,0.0638599537037037,0.028625874985831506,0.04477611940298509,1,0.9552238805970149
s003376,CREMA-D,happy,train,313.97660402535735,62.634720997831074,0.6153846153846154,0.1088672193698585,0.10283720269142849,0.10076864919354839,0.05425758378635038,0.051948051948051965,1,0.948051948051948
s005380,CREMA-D,happy,train,227.87725866069138,24.745017485336792,0.5161290322580645,0.0835011768335056,0.07287754878999171,0.09693957913306452,0.08643864885420209,0.0,0,1.0
s001878,CREMA-D,happy,test,0.0,0.0,0.0,0.05615037058204787,0.07712611181467592,0.08884876179245282,0.0573248587492132,0.0,0,1.0
s003370,CREMA-D,happy,train,166.4293356834371,59.7178398125266,0.4268292682926829,0.08218092399655036,0.08188406794518364,0.11101059240797546,0.11870950549440469,0.0,0,1.0
s007449,CREMA-D,happy,train,277.9728483041351,148.55277707490563,0.6451612903225806,0.09313704966135868,0.10953986121195503,0.08323805894308943,0.041506093076058986,0.14754098360655743,2,0.8524590163934426
s005450,CREMA-D,happy,test,214.5268070131512,86.94869380739253,0.8311688311688312,0.10937958959417016,0.08173243507906314,0.057004442401960786,0.01996083506108172,0.0,0,1.0
s002802,CREMA-D,happy,train,131.10601497941684,12.116574482450115,0.14772727272727273,0.09245220074874604,0.0928380582009898,0.06484707919034091,0.0343503467929471,0.0,0,1.0
s009290,TESS,happy,test,250.340279742992,82.15412528314518,0.65,0.14067261216441998,0.0905051662142243,0.11472557773109243,0.17060492825078533,0.016949152542372836,0,0.9830508474576272
s009235,TESS,happy,test,258.8406567246666,88.44606324893213,0.6440677966101694,0.1507101255015303,0.09286115727810135,0.1193576388888889,0.1822210091889869,0.0,0,1.0
s003103,CREMA-D,happy,train,139.90787224896644,46.15584771294901,0.4603174603174603,0.08847518750865545,0.09283538870473987,0.058648003472222224,0.030672163797292738,0.0,0,1.0
s010298,TESS,happy,train,283.7384773313362,64.2709561746265,0.9574468085106383,0.1383741791141019,0.09814927496081802,0.14167506720430106,0.07792723685188356,0.06521739130434778,1,0.9347826086956522
s003254,CREMA-D,happy,train,286.5255498927324,132.7507872569868,0.8135593220338984,0.10245013534704335,0.09165633465789197,0.07961905715811966,0.051134526292074794,0.0,0,1.0
s010340,TESS,happy,train,268.47817957075017,60.19167323082439,0.9433962264150944,0.1494870918736394,0.1133761838338853,0.14210379464285713,0.09401702291197632,0.05769230769230771,1,0.9423076923076923
s002939,CREMA-D,happy,train,206.94319001302745,22.075773642742284,0.8333333333333334,0.08109582883908469,0.05695426518579827,0.0758764443277311,0.08527202794686357,0.0,0,1.0
s007763,CREMA-D,happy,train,82.04358172570755,21.516713785706976,0.9577464788732394,0.06833459909159875,0.07144450869328293,0.06307485593971632,0.05364851341562196,0.0,0,1.0
s006220,CREMA-D,happy,train,113.53352642304611,20.324332994607257,0.6296296296296297,0.08661863491112409,0.08779856380263426,0.07522710755813954,0.03334115808034969,0.0,0,1.0
s006498,CREMA-D,happy,train,229.75262714437227,38.099962101700385,0.379746835443038,0.10063244333597506,0.09940798704283947,0.06465838972929937,0.051363802004146024,0.0,0,1.0
s007776,CREMA-D,happy,train,106.47235854078545,26.762311182862486,0.6785714285714286,0.05326266570419476,0.061634484019450805,0.07898719031531531,0.06669630028757269,0.0,0,1.0
s001563,CREMA-D,happy,train,109.26324540064856,11.563890730772293,0.16666666666666666,0.10748516374798579,0.07884476747308337,0.05581921728971963,0.02313557009925388,0.0,0,1.0
s007120,CREMA-D,happy,train,346.1608553911087,53.82103506508506,0.7857142857142857,0.13257287672188664,0.1150370101910821,0.1234770275297619,0.03820063643630193,0.0,0,1.0
s010321,TESS,happy,train,290.1917249005425,62.29293559214181,0.9130434782608695,0.15271031735516102,0.10006268910997103,0.16803313873626374,0.1744618621350677,0.0,0,1.0
s004334,CREMA-D,happy,test,118.99215686670067,12.397752166559352,0.8166666666666667,0.11008088379910513,0.09379073327764817,0.06786699054621849,0.052848210860118275,0.0,0,1.0
s004700,CREMA-D,happy,test,183.31451040830166,68.81659571215333,0.6506024096385542,0.10777050902446111,0.11487834359100738,0.06254142992424243,0.02093730110757951,0.024267127994881177,0,0.9757328720051188
s003002,CREMA-D,happy,train,285.3786113221662,76.58507497609905,0.7068965517241379,0.17460378019706063,0.11303911255791128,0.09821671195652174,0.11199927167993026,0.0,0,1.0
s007867,CREMA-D,happy,validation,164.5716617671102,48.64279764892286,0.9104477611940298,0.11414809967043685,0.09261579120515309,0.05678638059701493,0.022844082725193244,0.0,0,1.0
s004724,CREMA-D,happy,test,178.47186745623827,29.94841742930652,0.43902439024390244,0.08948770793371953,0.08796353768880703,0.09061661234662577,0.0820088123827233,0.0,0,1.0
s008067,CREMA-D,happy,test,145.50191536973466,32.63183473739319,0.8412698412698413,0.09792828983068466,0.08918162691402241,0.0790078125,0.05630374277253078,0.016129032258064502,0,0.9838709677419355
s007775,CREMA-D,happy,train,176.0939938701877,15.509739143540044,0.6585365853658537,0.11523174422068728,0.08535795776650239,0.15309124228395063,0.0919389107009783,0.0,0,1.0
s010449,TESS,happy,train,272.626449647685,64.81933794369672,0.8032786885245902,0.11932198339348017,0.08624663271008738,0.21435546875,0.21193841614294143,0.0826286230714608,0,0.9173713769285392
s009214,TESS,happy,test,209.0296130849472,29.555355444666517,0.3870967741935484,0.11461597595485003,0.1043863204502184,0.12063325711382114,0.16661646289366133,0.049180327868852514,1,0.9508196721311475
s004524,CREMA-D,happy,test,263.9675215327937,48.70858554570223,0.5384615384615384,0.09345023695740008,0.09201378911218408,0.06733240927419355,0.03038163011624993,0.0,0,1.0
s008331,CREMA-D,happy,train,316.674257156767,112.72191660499792,0.7931034482758621,0.0782983355993486,0.07943699227306303,0.21818104619565218,0.20896068309240465,0.01754385964912286,0,0.9824561403508771
s006768,CREMA-D,happy,validation,151.19943126215182,29.62405616763947,0.32894736842105265,0.061274113916847485,0.06739658945816965,0.17250232822847683,0.21388377871418457,0.0,0,1.0
s009288,TESS,happy,test,243.4414618486403,71.43672318272301,0.5076923076923077,0.12256797348048047,0.09930333210091284,0.15819555474806202,0.20382972156989243,0.015560891104154595,0,0.9844391088958454
s007271,CREMA-D,happy,test,114.86820566121803,10.411422196967798,0.2948717948717949,0.060594450454077416,0.07802260205454564,0.054674899193548385,0.01837223508047503,0.0,0,1.0
s002926,CREMA-D,happy,train,246.30724244612085,29.749629999605286,0.7868852459016393,0.10479124530780413,0.08875473209912592,0.06563952737603305,0.038870388625052314,0.0,0,1.0
s006890,CREMA-D,happy,train,317.5130006475895,73.44861028222465,0.5526315789473685,0.09235203658101081,0.094789703398462,0.07848716887417219,0.036181392256043984,0.12,2,0.88
s000803,RAVDESS,happy,train,176.53679876405099,41.6143004320188,0.8970588235294118,0.18345254953881657,0.10279127554806769,0.13274739583333334,0.17772178297885233,0.0,0,1.0
s010363,TESS,happy,train,278.2126038989658,51.33984353886625,0.8,0.11696589948105361,0.09236194598455039,0.23546803325688073,0.2011529867478369,0.0,0,1.0
s008432,CREMA-D,happy,validation,127.06432836571611,50.085379728381184,0.660377358490566,0.11600550668580191,0.08564723010217823,0.07780877976190476,0.09729467057172352,0.0,0,1.0
s003008,CREMA-D,happy,train,246.9390265809537,68.86771825351688,0.6071428571428571,0.08976351983241133,0.09676581864018152,0.06796347128378379,0.03300493833210859,0.0,0,1.0
s002610,CREMA-D,happy,train,272.61478909221046,13.716803739357848,0.5256410256410257,0.08598026463221158,0.09634399418208865,0.08360005040322581,0.05377161583224498,0.0,0,1.0
s009230,TESS,happy,test,205.9118454301663,41.78117895781903,0.373134328358209,0.09163547570664268,0.06967351059113339,0.13665315998134328,0.18046100135258514,0.01501466275659824,1,0.9849853372434018
s001608,CREMA-D,happy,train,189.65217493038082,41.72718661866161,0.34579439252336447,0.1224900856789009,0.05705274676956354,0.05637012177230047,0.034063537747271444,0.0,0,1.0
s010490,TESS,happy,train,272.8855323832771,56.20250242684073,0.98,0.12820941459674465,0.09139766197945275,0.1031506470959596,0.06285741866229867,0.0,0,1.0
s003564,CREMA-D,happy,train,126.06166784194774,17.582402934020863,0.6385542168674698,0.10007523835608453,0.08142126205861454,0.06305042613636364,0.024955360766072545,0.0,0,1.0
s004588,CREMA-D,happy,train,161.03878472886475,55.27725776384483,0.7083333333333334,0.09404813063641389,0.08784755203742556,0.06739637586805555,0.02550279306953442,0.0,0,1.0
s005596,CREMA-D,happy,train,126.859654803319,18.089909145942052,0.3076923076923077,0.084139314724259,0.0806272641236487,0.08752085861650485,0.06801612261480385,0.0,0,1.0
s003822,CREMA-D,happy,validation,102.70634478502491,14.597798317666028,0.27380952380952384,0.04531670064793643,0.05773775537199511,0.09631128368263472,0.09420990159708771,0.12048192771084343,2,0.8795180722891566
s003938,CREMA-D,happy,train,220.1583300528714,37.85687401126818,0.603448275862069,0.0983066947725804,0.0766127732241602,0.0746773097826087,0.02297050958613156,0.0,0,1.0
s009234,TESS,happy,test,194.1645194243941,37.37331971233048,0.5757575757575758,0.1413414519536131,0.09754840420692806,0.1287422471374046,0.19594709765497262,0.01538461538461533,0,0.9846153846153847
s004454,CREMA-D,happy,train,184.72460610242828,37.75195291698475,0.5444444444444444,0.10829002336185012,0.09934058774549301,0.06470269097222223,0.035271819204700836,0.011146427482910282,0,0.9888535725170897
s005438,CREMA-D,happy,test,215.77735804319707,65.74389318400665,0.7411764705882353,0.11892033137998284,0.08862037720877228,0.06266757581360946,0.02744201634221785,0.0,0,1.0
s009239,TESS,happy,test,221.74458287924313,54.112424874739524,0.6060606060606061,0.1400954382225984,0.10907235688517014,0.11983605587121213,0.1747222351648183,0.0,0,1.0
s008022,CREMA-D,happy,test,104.04500090769788,12.648625485663088,0.9166666666666666,0.07848606574810854,0.0699358132497707,0.06717765231092437,0.06050925598796235,0.0,0,1.0
s000489,RAVDESS,happy,train,234.65744313439046,60.88869568169149,0.8620689655172413,0.15660777408427196,0.09599222050248045,0.1100288722826087,0.06639472528011213,0.0,0,1.0
s002317,CREMA-D,neutral,validation,117.21500914452271,21.677544678421977,0.4117647058823529,0.0700964265662802,0.07207790328486453,0.05469327847633136,0.018193824311970738,0.0,0,1.0
s003413,CREMA-D,neutral,train,251.51042607743506,24.958361677337752,0.5131578947368421,0.08081941671102055,0.07296874680091733,0.12197977028145696,0.1286550225021485,0.0,0,1.0
s007003,CREMA-D,neutral,test,161.17876640179728,51.338960019270225,0.8588235294117647,0.08918267205776371,0.08023199617200497,0.07298793454142012,0.06463281907939436,0.0,0,1.0
s009322,TESS,neutral,test,192.43994582880748,8.852428445443223,0.8064516129032258,0.2304092065671519,0.14870139552695796,0.10696509576612903,0.1664064586953588,0.0,0,1.0
s007179,CREMA-D,neutral,train,243.72678287031798,20.787044236612985,0.29333333333333333,0.10478892961154448,0.08243619565272017,0.11699743078859061,0.11175560265080656,0.0,0,1.0
s009446,TESS,neutral,test,186.73202545685484,7.58802412177517,0.7605633802816901,0.21212694775445243,0.13086716768938517,0.18473653590425532,0.2122296920490764,0.0,0,1.0
s007109,CREMA-D,neutral,train,158.1542780977416,52.46140290877273,0.6551724137931034,0.0945544817281523,0.0638741106475011,0.06153466235632184,0.022255753924575405,0.0,0,1.0
s003105,CREMA-D,neutral,train,93.07546176218165,11.360673523135365,0.78125,0.08187438453751383,0.07853470521823752,0.05884552001953125,0.026124828268971414,0.0,0,1.0
s005521,CREMA-D,neutral,train,180.261091114368,30.014951921748988,0.569620253164557,0.17796666393424296,0.07612837569935411,0.05387266122611465,0.017660812936113594,0.0,0,1.0
s000969,RAVDESS,neutral,train,154.20306273863713,18.399058136266465,0.9310344827586207,0.12656747420652487,0.09329357151674027,0.10889945652173913,0.07979494572277722,0.052631578947368474,1,0.9473684210526315
s004637,CREMA-D,neutral,train,168.30537330016992,43.55756894624821,0.8,0.07566072250593384,0.09365628938975087,0.12394973466981132,0.1398090674183024,0.0,0,1.0
s002575,CREMA-D,neutral,test,138.8767610890744,15.566257935106302,0.4805194805194805,0.13315162648221637,0.10913311111020721,0.07300602532679738,0.04542962994861108,0.0,0,1.0
s003969,CREMA-D,neutral,train,127.61843078286056,28.230099441408992,0.49382716049382713,0.10705553854798308,0.08002821008691018,0.06782560170807453,0.03942685252706752,0.0,0,1.0
s003823,CREMA-D,neutral,validation,105.64010675151115,13.649158798324946,0.3333333333333333,0.06833919062609634,0.07442591283038962,0.06194556451612903,0.03466755067665174,0.0,0,1.0
s005193,CREMA-D,neutral,validation,102.32180337021191,10.534731551285669,0.4943820224719101,0.10238879849987753,0.09259980724620899,0.0546875,0.023996829791479896,0.0,0,1.0
s003869,CREMA-D,neutral,train,97.2204206923807,7.468359216997417,0.33766233766233766,0.09645776585158375,0.07988989473469829,0.05428538602941176,0.016908488019875278,0.0,0,1.0
s003881,CREMA-D,neutral,train,108.60260234617341,9.579435281404942,0.41975308641975306,0.09369181784922662,0.08918571561666606,0.059279163431677016,0.025387555786154977,0.0,0,1.0
s007073,CREMA-D,neutral,train,178.25490131158585,19.253734347775726,0.6233766233766234,0.11901358857117837,0.08758691938050314,0.07139118668300654,0.03398448567079417,0.0,0,1.0
s000397,RAVDESS,neutral,train,215.10202859372652,31.823420358082036,0.9193548387096774,0.1283354311095403,0.08500105765585243,0.1330030487804878,0.14030494049365566,0.0,0,1.0
s000398,RAVDESS,neutral,train,240.77311468794014,27.192411150792918,0.9827586206896551,0.20179995797402428,0.10897577977811666,0.12550101902173913,0.14667030575574078,0.0,0,1.0
s009467,TESS,neutral,test,180.85974697450453,7.61717158696177,0.819672131147541,0.19114249923135623,0.11747930791062157,0.09508974690082644,0.1307697306358097,0.0,0,1.0
s004589,CREMA-D,neutral,train,109.63157518871088,8.497228114582132,0.8555555555555555,0.09961053496226668,0.08927472467173034,0.05984157986111111,0.03177374413594972,0.0,0,1.0
s005831,CREMA-D,neutral,train,141.74786811261114,31.429440563619607,0.6153846153846154,0.056994925349229765,0.07266980896889094,0.11427041330645162,0.1409414573894411,0.0,0,1.0
s005749,CREMA-D,neutral,train,174.02197580847073,51.82801140193035,0.6483516483516484,0.07662810683045741,0.06291836959623624,0.08040006868131869,0.06277498471799962,0.0,0,1.0
s005843,CREMA-D,neutral,train,126.74572681813687,30.214952295805958,0.9264705882352942,0.05976854474626153,0.06643462244094102,0.10244571461397059,0.11679423319591778,0.0,0,1.0
s006405,CREMA-D,neutral,train,109.1969634918751,15.034786189689225,0.9076923076923077,0.1147904198616743,0.07057502839754518,0.0759765625,0.06700050933679327,0.0,0,1.0
s001211,CREMA-D,neutral,validation,218.99017611725705,61.023286693880536,0.37333333333333335,0.09530604753218241,0.0793334363652437,0.15828177432885907,0.21449614611706877,0.0,0,1.0
s004759,CREMA-D,neutral,train,174.1638323370772,64.11101925504761,0.8,0.12372271741596644,0.09604583537621661,0.06156276216442953,0.02270027773769594,0.0,0,1.0
s007488,CREMA-D,neutral,train,211.2482885099789,18.128656211419802,0.7283950617283951,0.14107936981672087,0.09450454610335454,0.0648534549689441,0.029012937296505392,0.0,0,1.0
s005995,CREMA-D,neutral,train,148.44180099615153,40.183047708398185,0.9420289855072463,0.1280424742810968,0.09500500179765098,0.09481148097826086,0.10354135625738049,0.0,0,1.0
s000839,RAVDESS,neutral,train,248.0892042577432,41.772642881024716,0.8653846153846154,0.11060582212787302,0.070363134139097,0.17017786711165048,0.17122219577528525,0.0,0,1.0
s008062,CREMA-D,neutral,test,118.73575827581811,13.156440111038265,0.5217391304347826,0.09356691518231579,0.07839387624754274,0.058381453804347824,0.031080752749538396,0.0,0,1.0
s007368,CREMA-D,neutral,train,164.52927397930796,58.51809308989549,0.5365853658536586,0.06471058346925337,0.05323561467151366,0.05674846625766871,0.022774845470064267,0.0,0,1.0
s010501,TESS,neutral,train,199.97239938299947,4.9336220223743545,0.8813559322033898,0.15414788301150578,0.10724258348486151,0.15921307425213677,0.2006893330465552,0.03448275862068961,1,0.9655172413793104
s001989,CREMA-D,neutral,test,204.82768154434146,58.24338435634357,0.7228915662650602,0.14405560709084525,0.10581533640427356,0.06406841856060606,0.030806605428005212,0.0,0,1.0
s001156,CREMA-D,neutral,validation,230.53019371586618,22.27673357239971,0.3950617283950617,0.08316729111330849,0.07649147526539948,0.07367284549689442,0.0649605324126199,0.0,0,1.0
s010574,TESS,neutral,train,202.14831330877854,4.477801762775069,0.8387096774193549,0.18647249976939131,0.11689460125370349,0.12303899949596774,0.18442197239785588,0.08125952260030467,1,0.9187404773996953
s005861,CREMA-D,neutral,train,123.21451160174608,13.339120667413631,0.6915887850467289,0.06444865846438028,0.06614522002596056,0.08351214055164319,0.07900987540320865,0.0,0,1.0
s007846,CREMA-D,neutral,validation,151.43289990673873,35.130462443251325,0.5901639344262295,0.07205019355559152,0.06740197570990016,0.06476788481404959,0.03008087492859514,0.0,0,1.0
s000311,RAVDESS,neutral,train,193.34239853169885,26.37384603047677,0.94,0.1695509818570707,0.09648856485085529,0.11799636994949494,0.12979597349430078,0.0,0,1.0
s010633,TESS,neutral,train,191.28313733423582,4.767977547974982,0.9333333333333333,0.22318865035971006,0.12858869886430513,0.11258951822916667,0.16727280366710873,0.0,0,1.0
s000484,RAVDESS,neutral,train,210.0768151838353,32.15428861488821,0.9821428571428571,0.1370672410718996,0.08066987573681772,0.09423388231981981,0.08085106058109019,0.0,0,1.0
s007049,CREMA-D,neutral,train,149.00723486397973,33.24160261402455,0.7375,0.10718271279203817,0.08436917657068639,0.06829795597484277,0.042748568961951124,0.0,0,1.0
s003331,CREMA-D,neutral,train,207.94115150211346,16.74475038898548,0.8714285714285714,0.09676906391978264,0.07043387177541918,0.07347237723214285,0.05174946902436225,0.0,0,1.0
s010584,TESS,neutral,train,201.3345464996248,7.294568645252192,0.9193548387096774,0.18933904230428056,0.11359915504597441,0.14851689532520326,0.19136106198115094,0.0,0,1.0
s006077,CREMA-D,neutral,train,126.16199505305016,21.739832190253825,0.6527777777777778,0.08396821637870744,0.08210895646221072,0.07544623480902778,0.06884676611481631,0.0,0,1.0
s008150,CREMA-D,neutral,train,97.714064396351,12.981933754867544,0.9431818181818182,0.11286445021290671,0.080832774165103,0.05479847301136364,0.03991895892511336,0.0,0,1.0
s005081,CREMA-D,neutral,train,107.41808123588022,16.67365088988285,0.9830508474576272,0.1482061060447978,0.1064012307847133,0.055538862179487176,0.01954440765300687,0.0,0,1.0
s009364,TESS,neutral,test,189.31131260562387,7.876111256525167,0.8656716417910447,0.24887872018170223,0.13622027758272612,0.12031395755597014,0.17268834539402445,0.0,0,1.0
s006153,CREMA-D,neutral,test,153.39263206279753,60.3923421272322,0.8,0.11195271584035466,0.08123152175326052,0.07256657822327044,0.028145352549233157,0.0,0,1.0
s002247,CREMA-D,neutral,train,108.82762253244951,6.097058173575273,0.38461538461538464,0.14570097679507385,0.08059995100481238,0.05281022451456311,0.024172113202365324,0.0,0,1.0
s009337,TESS,neutral,test,193.7538477835641,6.7772746756568765,0.8225806451612904,0.2462226518114368,0.1437838606967029,0.13408045614919356,0.15252558480152353,0.0,0,1.0
s008270,CREMA-D,neutral,train,138.60188350555924,65.37978642358037,0.8289473684210527,0.06080999171102284,0.06760519708777071,0.07505949917218543,0.07804177321808707,0.0,0,1.0
s007506,CREMA-D,neutral,train,187.65961696260695,84.23646479726496,0.34177215189873417,0.11829608726273676,0.09569759253151569,0.1451657046178344,0.17249789535892313,0.0,0,1.0
s010678,TESS,neutral,train,181.90103702732264,4.061030034897828,0.9193548387096774,0.19269381889437392,0.11254043653453907,0.14508701727642276,0.194392845693452,0.016308329351807593,1,0.9836916706481924
s009317,TESS,neutral,test,189.5059088978091,6.71819110684028,0.7833333333333333,0.19657681624115514,0.12740559036836147,0.10821789653361344,0.12707300607946023,0.0,0,1.0
s009310,TESS,neutral,test,192.2690552208815,7.5941158406904,0.8166666666666667,0.2153218318785851,0.12290613924782222,0.099755859375,0.12591407034162436,0.0,0,1.0
s001779,CREMA-D,neutral,train,222.9334479171909,11.862482938695972,0.5882352941176471,0.05804900054064904,0.05688038040973697,0.10501225036982248,0.1322181128302411,0.0,0,1.0
s002341,CREMA-D,neutral,validation,100.95034822815371,15.72506575422369,0.5060240963855421,0.06455285166474906,0.06176597713514576,0.06911695075757576,0.04764491503476197,0.0,0,1.0
s002867,CREMA-D,neutral,train,143.05086399109945,7.498180745186687,0.5138888888888888,0.11915321133306457,0.09432251940999532,0.05496554904513889,0.021815562316072866,0.0,0,1.0
s001826,CREMA-D,sad,train,206.44921103817714,20.30253764589751,0.6666666666666666,0.18055361971859163,0.09911951611304462,0.04987022860738255,0.014363919473560135,0.0,0,1.0
s004298,CREMA-D,sad,train,126.38803020662996,19.600284917926242,0.7951807228915663,0.10421662939091524,0.08543328240135363,0.06634114583333334,0.04917398030999823,0.0,0,1.0
s001159,CREMA-D,sad,validation,181.313203326286,43.73333206158043,0.48,0.1409947635143395,0.05714797412901775,0.060546875,0.037971404456918545,0.0,0,1.0
s003870,CREMA-D,sad,train,128.25290955620645,55.23608412203342,0.7349397590361446,0.12766275156402226,0.09777799837225745,0.057794744318181816,0.020653224084179824,0.0,0,1.0
s003378,CREMA-D,sad,train,227.38853686372371,26.171850669125053,0.8533333333333334,0.136707609256842,0.09321144562364315,0.05799732592281879,0.018531979620009836,0.0,0,1.0
s005382,CREMA-D,sad,train,183.39406389042594,52.87705262318159,0.8028169014084507,0.12162238266319036,0.06436430460657314,0.10271099251760564,0.1131105133567039,0.0,0,1.0
s001883,CREMA-D,sad,test,132.78810479493393,11.202759330323513,0.4025974025974026,0.09207741740871878,0.06777074681568875,0.06876787173202614,0.05342528793160499,0.0,0,1.0
s003372,CREMA-D,sad,train,270.8778945419528,55.74056494679776,0.5842696629213483,0.13216714657257111,0.1075178564527428,0.09660287921348315,0.12477307453546367,0.0,0,1.0
s007459,CREMA-D,sad,train,161.7618133148,48.320905390057874,0.8225806451612904,0.11208113318970127,0.08099163945268789,0.06120054183467742,0.026736995186136057,0.0,0,1.0
s005458,CREMA-D,sad,test,152.89869935799445,48.57631583355887,0.8461538461538461,0.1551807762205022,0.06423268205266239,0.12923809162621358,0.1561832354016359,0.0,0,1.0
s002804,CREMA-D,sad,train,139.29969202715606,38.63192731235622,0.6790123456790124,0.1140214624982443,0.08195048289231517,0.05373519992236025,0.019578489525512003,0.0,0,1.0
s009690,TESS,sad,test,189.36869790928648,33.28959710254499,0.7733333333333333,0.13557726387934596,0.0977038422733694,0.1003237730704698,0.16096410999014543,0.013513513513513487,0,0.9864864864864865
s009635,TESS,sad,test,194.30013824891256,24.781718505849586,0.7721518987341772,0.1745831999409048,0.11164372977350306,0.11166806764240507,0.17762835079621597,0.0,0,1.0
s003107,CREMA-D,sad,train,94.03300546803933,6.225658382623538,0.34782608695652173,0.11859776319908923,0.06358390720475963,0.054744112318840576,0.025753231007423844,0.0,0,1.0
s010699,TESS,sad,train,213.09993456008164,33.77970880485931,0.8181818181818182,0.17317911075829806,0.1129691310236623,0.12329287929389313,0.2098017230522777,0.03076923076923077,1,0.9692307692307692
s003256,CREMA-D,sad,train,246.90151004222093,36.51656775904474,0.7777777777777778,0.08555834447698933,0.07192496371058772,0.05516061723602485,0.02138353354088005,0.0,0,1.0
s010741,TESS,sad,train,217.48307774045995,34.91884812482454,0.7945205479452054,0.1429429422485931,0.10292124937152698,0.1771417025862069,0.229417168261358,0.02777777777777779,1,0.9722222222222222
s002943,CREMA-D,sad,train,148.63829080401595,31.48650006670947,0.24615384615384617,0.1703431700857786,0.06481094802959911,0.08406700721153847,0.11226189575995806,0.0,0,1.0
s007779,CREMA-D,sad,train,79.1903585854044,12.93203539113167,0.7961165048543689,0.08505889555303062,0.035940249976223144,0.05872713414634146,0.07479362862218822,0.0,0,1.0
s006224,CREMA-D,sad,train,95.18022788668942,9.22006664448796,0.5813953488372093,0.09047164726829113,0.0652503381444041,0.057395757630813955,0.04706753700459699,0.0,0,1.0
s006500,CREMA-D,sad,train,216.79612787591665,74.59967178613148,0.7387387387387387,0.0733964028136122,0.07269342805528653,0.0969403987556561,0.10798718841340207,0.07272727272727275,2,0.9272727272727272
s007781,CREMA-D,sad,train,81.11910857668062,15.278765994670504,0.9540229885057471,0.11530077241189864,0.04707078451609348,0.059783584770114945,0.04575465959796395,0.0,0,1.0
s001567,CREMA-D,sad,train,168.43837887927114,51.65873670558071,0.5970149253731343,0.12287727276335901,0.05345699071646819,0.0446230760261194,0.023982373866632534,0.0,0,1.0
s007124,CREMA-D,sad,train,100.41836035393685,14.277700902520987,0.38202247191011235,0.20704621436555734,0.048921131710371,0.05337078651685393,0.014021736430709522,0.0,0,1.0
s010722,TESS,sad,train,214.82027240533256,34.12957658895926,0.7887323943661971,0.1576094537022266,0.10905916209997862,0.12939106826241134,0.21959009762363488,0.0,0,1.0
s004344,CREMA-D,sad,test,112.05682721568566,8.272192454559212,0.47368421052631576,0.12888391715603947,0.09479448142794973,0.0462864755794702,0.011162895563045354,0.0,0,1.0
s004708,CREMA-D,sad,test,187.13570276106984,15.295163768046786,0.37037037037037035,0.13100950558733496,0.07489096005123065,0.0644834530279503,0.04628371861826317,0.0,0,1.0
s003004,CREMA-D,sad,train,240.83869916481726,33.54684505738352,0.2898550724637681,0.12346369252148745,0.06598582078863273,0.11155457427536232,0.14996051406162939,0.0,0,1.0
s007875,CREMA-D,sad,validation,129.44781853556478,50.9799138012128,0.6344086021505376,0.14287176736259974,0.0691725022049506,0.05858324932795699,0.04611697791293527,0.0,0,1.0
s005388,CREMA-D,sad,test,195.53001968041792,75.08571684852396,0.711864406779661,0.10780349377001452,0.07619277840572332,0.055538862179487176,0.028174601220669407,0.0,0,1.0
s008075,CREMA-D,sad,test,103.11850874569377,16.358508754277565,0.7669902912621359,0.08708876278705713,0.04178669131215498,0.07438071646341464,0.08161160334735082,0.0,0,1.0
s007780,CREMA-D,sad,train,79.84582973124388,12.42387362208343,0.9558823529411765,0.11476546290385373,0.05003824332535932,0.062176872702205885,0.04813924893906175,0.0,0,1.0
s010850,TESS,sad,train,211.86451184585582,52.91423335924658,0.625,0.16001832731706384,0.1200765627374139,0.17338423295454544,0.24635895934466792,0.0,0,1.0
s009614,TESS,sad,test,210.46733784596603,20.122207782469626,0.5975609756097561,0.07491309513863564,0.08107701777533015,0.11210098734662577,0.16636389195164325,0.09876543209876543,2,0.9012345679012346
s004532,CREMA-D,sad,test,221.29043343196173,8.175162528338179,0.5967741935483871,0.1631328328061969,0.09263354673827881,0.07522681451612903,0.03910518858131746,0.0,0,1.0
s010698,TESS,sad,train,213.8614163656691,33.30881528509508,0.8253968253968254,0.16370566728524863,0.10774309499855154,0.1378984375,0.24162198642957117,0.0,0,1.0
s006776,CREMA-D,sad,validation,141.61640232434598,41.23501444641716,0.575,0.07295119684517572,0.08405243535664639,0.12481574292452831,0.16472926600039872,0.07594936708860756,1,0.9240506329113924
s009688,TESS,sad,test,200.9339828498764,21.768437836293682,0.6582278481012658,0.18971712878389155,0.1309468088143104,0.10289983081210191,0.1544994984183615,0.0,0,1.0
s007287,CREMA-D,sad,test,107.72572947982403,8.215482858511578,0.2808988764044944,0.10472513036279196,0.050999818714020796,0.0576610779494382,0.03488313237302574,0.0,0,1.0
s002928,CREMA-D,sad,train,210.71005407672803,21.357995421235028,0.4727272727272727,0.1573119023729355,0.06569664682265036,0.07584038130733944,0.05061838120081388,0.0,0,1.0
s006892,CREMA-D,sad,train,169.8269760935987,56.749226118480735,0.7674418604651163,0.11644968390464783,0.09771078605531068,0.06608829941860465,0.04209925155408057,0.0,0,1.0
s000811,RAVDESS,sad,train,186.2681778440976,21.372120525240256,0.52,0.11230664209606464,0.09618696927412572,0.08678953439597316,0.12578664423248434,0.0,0,1.0
s010764,TESS,sad,train,221.7934673602281,43.10616167774297,0.8142857142857143,0.18479466131761027,0.11952128506513382,0.13944469424460432,0.21694327117337117,0.028818281597388307,1,0.9711817184026117
s008437,CREMA-D,sad,validation,140.69808701473968,48.409727135299015,0.5205479452054794,0.08003882614717092,0.06809414994276453,0.05266748715753425,0.045454353723613124,0.0,0,1.0
s003010,CREMA-D,sad,train,136.59552982759078,53.45280934114864,0.3684210526315789,0.15970460429096853,0.05424160617353266,0.05883304014900662,0.04005049172721541,0.0,0,1.0
s002614,CREMA-D,sad,train,203.3595954554667,14.3347923784479,0.5172413793103449,0.1362365566665071,0.08733230139486327,0.050854211566091954,0.02239202203191237,0.0,0,1.0
s009630,TESS,sad,test,186.05175966307618,28.052068539907527,0.7402597402597403,0.12476302180802087,0.08128734298677115,0.09976790787337662,0.14730330604114175,0.0,0,1.0
s001610,CREMA-D,sad,train,244.8880912136499,31.182181186580358,0.44565217391304346,0.12741006386425832,0.06676078205358434,0.06058933423913043,0.03661653986730034,0.0,0,1.0
s010891,TESS,sad,train,218.15031713609406,42.412419153627205,0.75,0.1465717984535904,0.10367538289164721,0.13485966435185184,0.22421733455565176,0.014925373134328401,0,0.9850746268656716
s003566,CREMA-D,sad,train,112.69235964275654,5.827756717913859,0.4186046511627907,0.15004077506100022,0.08412241099558523,0.049520803052325583,0.012849737812389721,0.0,0,1.0
s004590,CREMA-D,sad,train,103.75128241741807,7.361172629682245,0.76,0.12049614388070651,0.08452934915634765,0.048303796140939596,0.013253753784403495,0.0,0,1.0
s005598,CREMA-D,sad,train,126.46805609875271,33.47245223488705,0.9056603773584906,0.14611883500502224,0.10464102255373232,0.06947544642857142,0.06690638385223062,0.0,0,1.0
s004814,CREMA-D,sad,validation,157.4914319524907,52.236875745291464,0.5862068965517241,0.12260015483783639,0.06759285919150551,0.05655570652173913,0.02281701201753717,0.0,0,1.0
s003940,CREMA-D,sad,train,200.2200639998232,14.754486139502276,0.7802197802197802,0.08940185479574152,0.08219456756976624,0.06747402987637363,0.03756558144367921,0.011018335198416107,0,0.9889816648015839
s009634,TESS,sad,test,190.6742073153271,30.171903044888197,0.8987341772151899,0.16323765877139154,0.10455185166471624,0.08195089992088607,0.11546335815076417,0.0,0,1.0
s004456,CREMA-D,sad,train,158.79794175688843,26.009809115792518,0.6559139784946236,0.07367762600282027,0.06788088114462165,0.05377919186827957,0.02490456643696036,0.0,0,1.0
s005446,CREMA-D,sad,test,213.70906199366473,43.55031044573847,0.5357142857142857,0.11540572579481645,0.06863778405694466,0.060517636601796404,0.022140828730472777,0.0,0,1.0
s009639,TESS,sad,test,193.79103751728326,30.389937420360226,0.8611111111111112,0.1477747485920839,0.11625394675019193,0.11998743444055944,0.18011089721121218,0.014072506390347184,0,0.9859274936096528
s008027,CREMA-D,sad,test,109.12383998767655,6.960477817183276,0.810126582278481,0.08387478092198919,0.05094080129800173,0.06334593949044585,0.06554225839583092,0.0,0,1.0
s000497,RAVDESS,sad,train,232.48693275328364,34.621956679109914,0.6296296296296297,0.08502917253537345,0.07554311368430114,0.0926709587191358,0.07719036442468284,0.1984784610166206,1,0.8015215389833794
